"FullName","DirectoryName","Name","Extension","Length"
"C:\Users\EnforcerX\Downloads\Arduino-IDE - Project\AI-Assisted Fingerprint Attendance System\.vscode\settings.json","C:\Users\EnforcerX\Downloads\Arduino-IDE - Project\AI-Assisted Fingerprint Attendance System\.vscode","settings.json",".json","168"
"C:\Users\EnforcerX\Downloads\Arduino-IDE - Project\AI-Assisted Fingerprint Attendance System\archive\diagnostics\discovery_handshake_probe.py","C:\Users\EnforcerX\Downloads\Arduino-IDE - Project\AI-Assisted Fingerprint Attendance System\archive\diagnostics","discovery_handshake_probe.py",".py","6415"
"C:\Users\EnforcerX\Downloads\Arduino-IDE - Project\AI-Assisted Fingerprint Attendance System\archive\diagnostics\serial_monitor_test.py","C:\Users\EnforcerX\Downloads\Arduino-IDE - Project\AI-Assisted Fingerprint Attendance System\archive\diagnostics","serial_monitor_test.py",".py","9518"
"C:\Users\EnforcerX\Downloads\Arduino-IDE - Project\AI-Assisted Fingerprint Attendance System\archive\diagnostics\serial_pipeline_tester.py","C:\Users\EnforcerX\Downloads\Arduino-IDE - Project\AI-Assisted Fingerprint Attendance System\archive\diagnostics","serial_pipeline_tester.py",".py","3229"
"C:\Users\EnforcerX\Downloads\Arduino-IDE - Project\AI-Assisted Fingerprint Attendance System\archive\diagnostics\temp_serial_port_info.py","C:\Users\EnforcerX\Downloads\Arduino-IDE - Project\AI-Assisted Fingerprint Attendance System\archive\diagnostics","temp_serial_port_info.py",".py","596"
"C:\Users\EnforcerX\Downloads\Arduino-IDE - Project\AI-Assisted Fingerprint Attendance System\archive\diagnostics\tmp_serial_dtr_test.py","C:\Users\EnforcerX\Downloads\Arduino-IDE - Project\AI-Assisted Fingerprint Attendance System\archive\diagnostics","tmp_serial_dtr_test.py",".py","1011"
"C:\Users\EnforcerX\Downloads\Arduino-IDE - Project\AI-Assisted Fingerprint Attendance System\archive\diagnostics\tmp_serial_handler_probe.py","C:\Users\EnforcerX\Downloads\Arduino-IDE - Project\AI-Assisted Fingerprint Attendance System\archive\diagnostics","tmp_serial_handler_probe.py",".py","1427"
"C:\Users\EnforcerX\Downloads\Arduino-IDE - Project\AI-Assisted Fingerprint Attendance System\archive\diagnostics\tmp_serial_probe.py","C:\Users\EnforcerX\Downloads\Arduino-IDE - Project\AI-Assisted Fingerprint Attendance System\archive\diagnostics","tmp_serial_probe.py",".py","524"
"C:\Users\EnforcerX\Downloads\Arduino-IDE - Project\AI-Assisted Fingerprint Attendance System\archive\legacy-ui\gui_qt_redesign_2\gui_qt\__init__.py","C:\Users\EnforcerX\Downloads\Arduino-IDE - Project\AI-Assisted Fingerprint Attendance System\archive\legacy-ui\gui_qt_redesign_2\gui_qt","__init__.py",".py","0"
"C:\Users\EnforcerX\Downloads\Arduino-IDE - Project\AI-Assisted Fingerprint Attendance System\archive\legacy-ui\gui_qt_redesign_2\gui_qt\main_qt.py","C:\Users\EnforcerX\Downloads\Arduino-IDE - Project\AI-Assisted Fingerprint Attendance System\archive\legacy-ui\gui_qt_redesign_2\gui_qt","main_qt.py",".py","872"
"C:\Users\EnforcerX\Downloads\Arduino-IDE - Project\AI-Assisted Fingerprint Attendance System\archive\legacy-ui\gui_qt_redesign_2\gui_qt\main_window.py","C:\Users\EnforcerX\Downloads\Arduino-IDE - Project\AI-Assisted Fingerprint Attendance System\archive\legacy-ui\gui_qt_redesign_2\gui_qt","main_window.py",".py","6979"
"C:\Users\EnforcerX\Downloads\Arduino-IDE - Project\AI-Assisted Fingerprint Attendance System\archive\legacy-ui\gui_qt_redesign_2\gui_qt\pages\__init__.py","C:\Users\EnforcerX\Downloads\Arduino-IDE - Project\AI-Assisted Fingerprint Attendance System\archive\legacy-ui\gui_qt_redesign_2\gui_qt\pages","__init__.py",".py","0"
"C:\Users\EnforcerX\Downloads\Arduino-IDE - Project\AI-Assisted Fingerprint Attendance System\archive\legacy-ui\gui_qt_redesign_2\gui_qt\pages\attendance_page.py","C:\Users\EnforcerX\Downloads\Arduino-IDE - Project\AI-Assisted Fingerprint Attendance System\archive\legacy-ui\gui_qt_redesign_2\gui_qt\pages","attendance_page.py",".py","3223"
"C:\Users\EnforcerX\Downloads\Arduino-IDE - Project\AI-Assisted Fingerprint Attendance System\archive\legacy-ui\gui_qt_redesign_2\gui_qt\pages\dashboard_page.py","C:\Users\EnforcerX\Downloads\Arduino-IDE - Project\AI-Assisted Fingerprint Attendance System\archive\legacy-ui\gui_qt_redesign_2\gui_qt\pages","dashboard_page.py",".py","2044"
"C:\Users\EnforcerX\Downloads\Arduino-IDE - Project\AI-Assisted Fingerprint Attendance System\archive\legacy-ui\gui_qt_redesign_2\gui_qt\pages\logs_page.py","C:\Users\EnforcerX\Downloads\Arduino-IDE - Project\AI-Assisted Fingerprint Attendance System\archive\legacy-ui\gui_qt_redesign_2\gui_qt\pages","logs_page.py",".py","1358"
"C:\Users\EnforcerX\Downloads\Arduino-IDE - Project\AI-Assisted Fingerprint Attendance System\archive\legacy-ui\gui_qt_redesign_2\gui_qt\pages\reports_page.py","C:\Users\EnforcerX\Downloads\Arduino-IDE - Project\AI-Assisted Fingerprint Attendance System\archive\legacy-ui\gui_qt_redesign_2\gui_qt\pages","reports_page.py",".py","3687"
"C:\Users\EnforcerX\Downloads\Arduino-IDE - Project\AI-Assisted Fingerprint Attendance System\archive\legacy-ui\gui_qt_redesign_2\gui_qt\pages\settings_page.py","C:\Users\EnforcerX\Downloads\Arduino-IDE - Project\AI-Assisted Fingerprint Attendance System\archive\legacy-ui\gui_qt_redesign_2\gui_qt\pages","settings_page.py",".py","6517"
"C:\Users\EnforcerX\Downloads\Arduino-IDE - Project\AI-Assisted Fingerprint Attendance System\archive\legacy-ui\gui_qt_redesign_2\gui_qt\pages\students_page.py","C:\Users\EnforcerX\Downloads\Arduino-IDE - Project\AI-Assisted Fingerprint Attendance System\archive\legacy-ui\gui_qt_redesign_2\gui_qt\pages","students_page.py",".py","12495"
"C:\Users\EnforcerX\Downloads\Arduino-IDE - Project\AI-Assisted Fingerprint Attendance System\archive\legacy-ui\gui_qt_redesign_2\gui_qt\theme.qss","C:\Users\EnforcerX\Downloads\Arduino-IDE - Project\AI-Assisted Fingerprint Attendance System\archive\legacy-ui\gui_qt_redesign_2\gui_qt","theme.qss",".qss","3528"
"C:\Users\EnforcerX\Downloads\Arduino-IDE - Project\AI-Assisted Fingerprint Attendance System\archive\legacy-ui\gui_qt_redesign_2\gui_qt\widgets\__init__.py","C:\Users\EnforcerX\Downloads\Arduino-IDE - Project\AI-Assisted Fingerprint Attendance System\archive\legacy-ui\gui_qt_redesign_2\gui_qt\widgets","__init__.py",".py","0"
"C:\Users\EnforcerX\Downloads\Arduino-IDE - Project\AI-Assisted Fingerprint Attendance System\archive\legacy-ui\gui_qt_redesign_2\gui_qt\widgets\sidebar.py","C:\Users\EnforcerX\Downloads\Arduino-IDE - Project\AI-Assisted Fingerprint Attendance System\archive\legacy-ui\gui_qt_redesign_2\gui_qt\widgets","sidebar.py",".py","1238"
"C:\Users\EnforcerX\Downloads\Arduino-IDE - Project\AI-Assisted Fingerprint Attendance System\archive\legacy-ui\gui_qt_redesign_2\gui_qt\widgets\stat_card.py","C:\Users\EnforcerX\Downloads\Arduino-IDE - Project\AI-Assisted Fingerprint Attendance System\archive\legacy-ui\gui_qt_redesign_2\gui_qt\widgets","stat_card.py",".py","801"
"C:\Users\EnforcerX\Downloads\Arduino-IDE - Project\AI-Assisted Fingerprint Attendance System\archive\legacy-ui\gui_qt_redesign_2\gui_qt\workers\__init__.py","C:\Users\EnforcerX\Downloads\Arduino-IDE - Project\AI-Assisted Fingerprint Attendance System\archive\legacy-ui\gui_qt_redesign_2\gui_qt\workers","__init__.py",".py","0"
"C:\Users\EnforcerX\Downloads\Arduino-IDE - Project\AI-Assisted Fingerprint Attendance System\archive\legacy-ui\gui_qt_redesign_2\gui_qt\workers\serial_worker.py","C:\Users\EnforcerX\Downloads\Arduino-IDE - Project\AI-Assisted Fingerprint Attendance System\archive\legacy-ui\gui_qt_redesign_2\gui_qt\workers","serial_worker.py",".py","6066"
"C:\Users\EnforcerX\Downloads\Arduino-IDE - Project\AI-Assisted Fingerprint Attendance System\archive\legacy-ui\gui_qt_redesign_2\README.md","C:\Users\EnforcerX\Downloads\Arduino-IDE - Project\AI-Assisted Fingerprint Attendance System\archive\legacy-ui\gui_qt_redesign_2","README.md",".md","3743"
"C:\Users\EnforcerX\Downloads\Arduino-IDE - Project\AI-Assisted Fingerprint Attendance System\archive\legacy-ui\gui_qt_redesign\gui_qt\__init__.py","C:\Users\EnforcerX\Downloads\Arduino-IDE - Project\AI-Assisted Fingerprint Attendance System\archive\legacy-ui\gui_qt_redesign\gui_qt","__init__.py",".py","0"
"C:\Users\EnforcerX\Downloads\Arduino-IDE - Project\AI-Assisted Fingerprint Attendance System\archive\legacy-ui\gui_qt_redesign\gui_qt\main_qt.py","C:\Users\EnforcerX\Downloads\Arduino-IDE - Project\AI-Assisted Fingerprint Attendance System\archive\legacy-ui\gui_qt_redesign\gui_qt","main_qt.py",".py","872"
"C:\Users\EnforcerX\Downloads\Arduino-IDE - Project\AI-Assisted Fingerprint Attendance System\archive\legacy-ui\gui_qt_redesign\gui_qt\main_window.py","C:\Users\EnforcerX\Downloads\Arduino-IDE - Project\AI-Assisted Fingerprint Attendance System\archive\legacy-ui\gui_qt_redesign\gui_qt","main_window.py",".py","4489"
"C:\Users\EnforcerX\Downloads\Arduino-IDE - Project\AI-Assisted Fingerprint Attendance System\archive\legacy-ui\gui_qt_redesign\gui_qt\pages\__init__.py","C:\Users\EnforcerX\Downloads\Arduino-IDE - Project\AI-Assisted Fingerprint Attendance System\archive\legacy-ui\gui_qt_redesign\gui_qt\pages","__init__.py",".py","0"
"C:\Users\EnforcerX\Downloads\Arduino-IDE - Project\AI-Assisted Fingerprint Attendance System\archive\legacy-ui\gui_qt_redesign\gui_qt\pages\attendance_page.py","C:\Users\EnforcerX\Downloads\Arduino-IDE - Project\AI-Assisted Fingerprint Attendance System\archive\legacy-ui\gui_qt_redesign\gui_qt\pages","attendance_page.py",".py","2184"
"C:\Users\EnforcerX\Downloads\Arduino-IDE - Project\AI-Assisted Fingerprint Attendance System\archive\legacy-ui\gui_qt_redesign\gui_qt\pages\dashboard_page.py","C:\Users\EnforcerX\Downloads\Arduino-IDE - Project\AI-Assisted Fingerprint Attendance System\archive\legacy-ui\gui_qt_redesign\gui_qt\pages","dashboard_page.py",".py","1775"
"C:\Users\EnforcerX\Downloads\Arduino-IDE - Project\AI-Assisted Fingerprint Attendance System\archive\legacy-ui\gui_qt_redesign\gui_qt\pages\logs_page.py","C:\Users\EnforcerX\Downloads\Arduino-IDE - Project\AI-Assisted Fingerprint Attendance System\archive\legacy-ui\gui_qt_redesign\gui_qt\pages","logs_page.py",".py","969"
"C:\Users\EnforcerX\Downloads\Arduino-IDE - Project\AI-Assisted Fingerprint Attendance System\archive\legacy-ui\gui_qt_redesign\gui_qt\pages\reports_page.py","C:\Users\EnforcerX\Downloads\Arduino-IDE - Project\AI-Assisted Fingerprint Attendance System\archive\legacy-ui\gui_qt_redesign\gui_qt\pages","reports_page.py",".py","1269"
"C:\Users\EnforcerX\Downloads\Arduino-IDE - Project\AI-Assisted Fingerprint Attendance System\archive\legacy-ui\gui_qt_redesign\gui_qt\pages\settings_page.py","C:\Users\EnforcerX\Downloads\Arduino-IDE - Project\AI-Assisted Fingerprint Attendance System\archive\legacy-ui\gui_qt_redesign\gui_qt\pages","settings_page.py",".py","2315"
"C:\Users\EnforcerX\Downloads\Arduino-IDE - Project\AI-Assisted Fingerprint Attendance System\archive\legacy-ui\gui_qt_redesign\gui_qt\pages\students_page.py","C:\Users\EnforcerX\Downloads\Arduino-IDE - Project\AI-Assisted Fingerprint Attendance System\archive\legacy-ui\gui_qt_redesign\gui_qt\pages","students_page.py",".py","2142"
"C:\Users\EnforcerX\Downloads\Arduino-IDE - Project\AI-Assisted Fingerprint Attendance System\archive\legacy-ui\gui_qt_redesign\gui_qt\theme.qss","C:\Users\EnforcerX\Downloads\Arduino-IDE - Project\AI-Assisted Fingerprint Attendance System\archive\legacy-ui\gui_qt_redesign\gui_qt","theme.qss",".qss","3528"
"C:\Users\EnforcerX\Downloads\Arduino-IDE - Project\AI-Assisted Fingerprint Attendance System\archive\legacy-ui\gui_qt_redesign\gui_qt\widgets\__init__.py","C:\Users\EnforcerX\Downloads\Arduino-IDE - Project\AI-Assisted Fingerprint Attendance System\archive\legacy-ui\gui_qt_redesign\gui_qt\widgets","__init__.py",".py","0"
"C:\Users\EnforcerX\Downloads\Arduino-IDE - Project\AI-Assisted Fingerprint Attendance System\archive\legacy-ui\gui_qt_redesign\gui_qt\widgets\sidebar.py","C:\Users\EnforcerX\Downloads\Arduino-IDE - Project\AI-Assisted Fingerprint Attendance System\archive\legacy-ui\gui_qt_redesign\gui_qt\widgets","sidebar.py",".py","1238"
"C:\Users\EnforcerX\Downloads\Arduino-IDE - Project\AI-Assisted Fingerprint Attendance System\archive\legacy-ui\gui_qt_redesign\gui_qt\widgets\stat_card.py","C:\Users\EnforcerX\Downloads\Arduino-IDE - Project\AI-Assisted Fingerprint Attendance System\archive\legacy-ui\gui_qt_redesign\gui_qt\widgets","stat_card.py",".py","801"
"C:\Users\EnforcerX\Downloads\Arduino-IDE - Project\AI-Assisted Fingerprint Attendance System\archive\legacy-ui\gui_qt_redesign\gui_qt\workers\__init__.py","C:\Users\EnforcerX\Downloads\Arduino-IDE - Project\AI-Assisted Fingerprint Attendance System\archive\legacy-ui\gui_qt_redesign\gui_qt\workers","__init__.py",".py","0"
"C:\Users\EnforcerX\Downloads\Arduino-IDE - Project\AI-Assisted Fingerprint Attendance System\archive\legacy-ui\gui_qt_redesign\gui_qt\workers\serial_worker.py","C:\Users\EnforcerX\Downloads\Arduino-IDE - Project\AI-Assisted Fingerprint Attendance System\archive\legacy-ui\gui_qt_redesign\gui_qt\workers","serial_worker.py",".py","3262"
"C:\Users\EnforcerX\Downloads\Arduino-IDE - Project\AI-Assisted Fingerprint Attendance System\archive\legacy-ui\gui_qt_redesign\README.md","C:\Users\EnforcerX\Downloads\Arduino-IDE - Project\AI-Assisted Fingerprint Attendance System\archive\legacy-ui\gui_qt_redesign","README.md",".md","2955"
"C:\Users\EnforcerX\Downloads\Arduino-IDE - Project\AI-Assisted Fingerprint Attendance System\archive\legacy-ui\testing_area\core\database_addition_snippet.py","C:\Users\EnforcerX\Downloads\Arduino-IDE - Project\AI-Assisted Fingerprint Attendance System\archive\legacy-ui\testing_area\core","database_addition_snippet.py",".py","1729"
"C:\Users\EnforcerX\Downloads\Arduino-IDE - Project\AI-Assisted Fingerprint Attendance System\archive\legacy-ui\testing_area\gui\legacy\app_test.py","C:\Users\EnforcerX\Downloads\Arduino-IDE - Project\AI-Assisted Fingerprint Attendance System\archive\legacy-ui\testing_area\gui\legacy","app_test.py",".py","181"
"C:\Users\EnforcerX\Downloads\Arduino-IDE - Project\AI-Assisted Fingerprint Attendance System\archive\legacy-ui\testing_area\gui\legacy\app_test1.py","C:\Users\EnforcerX\Downloads\Arduino-IDE - Project\AI-Assisted Fingerprint Attendance System\archive\legacy-ui\testing_area\gui\legacy","app_test1.py",".py","85500"
"C:\Users\EnforcerX\Downloads\Arduino-IDE - Project\AI-Assisted Fingerprint Attendance System\archive\legacy-ui\testing_area\gui\legacy\bfeas_app.py","C:\Users\EnforcerX\Downloads\Arduino-IDE - Project\AI-Assisted Fingerprint Attendance System\archive\legacy-ui\testing_area\gui\legacy","bfeas_app.py",".py","12358"
"C:\Users\EnforcerX\Downloads\Arduino-IDE - Project\AI-Assisted Fingerprint Attendance System\archive\legacy-ui\testing_area\gui\legacy\bfeas_app2.py","C:\Users\EnforcerX\Downloads\Arduino-IDE - Project\AI-Assisted Fingerprint Attendance System\archive\legacy-ui\testing_area\gui\legacy","bfeas_app2.py",".py","20379"
"C:\Users\EnforcerX\Downloads\Arduino-IDE - Project\AI-Assisted Fingerprint Attendance System\archive\legacy-ui\testing_area\gui\legacy\reports_table_page.py","C:\Users\EnforcerX\Downloads\Arduino-IDE - Project\AI-Assisted Fingerprint Attendance System\archive\legacy-ui\testing_area\gui\legacy","reports_table_page.py",".py","16347"
"C:\Users\EnforcerX\Downloads\Arduino-IDE - Project\AI-Assisted Fingerprint Attendance System\archive\legacy-ui\testing_area\README.txt","C:\Users\EnforcerX\Downloads\Arduino-IDE - Project\AI-Assisted Fingerprint Attendance System\archive\legacy-ui\testing_area","README.txt",".txt","66"
"C:\Users\EnforcerX\Downloads\Arduino-IDE - Project\AI-Assisted Fingerprint Attendance System\archive\legacy-ui\testing_area\services\backup.py","C:\Users\EnforcerX\Downloads\Arduino-IDE - Project\AI-Assisted Fingerprint Attendance System\archive\legacy-ui\testing_area\services","backup.py",".py","1001"
"C:\Users\EnforcerX\Downloads\Arduino-IDE - Project\AI-Assisted Fingerprint Attendance System\archive\legacy-ui\testing_area\services\excel_export.py","C:\Users\EnforcerX\Downloads\Arduino-IDE - Project\AI-Assisted Fingerprint Attendance System\archive\legacy-ui\testing_area\services","excel_export.py",".py","3882"
"C:\Users\EnforcerX\Downloads\Arduino-IDE - Project\AI-Assisted Fingerprint Attendance System\archive\README.md","C:\Users\EnforcerX\Downloads\Arduino-IDE - Project\AI-Assisted Fingerprint Attendance System\archive","README.md",".md","323"
"C:\Users\EnforcerX\Downloads\Arduino-IDE - Project\AI-Assisted Fingerprint Attendance System\audit_git_branch.txt","C:\Users\EnforcerX\Downloads\Arduino-IDE - Project\AI-Assisted Fingerprint Attendance System","audit_git_branch.txt",".txt","6"
"C:\Users\EnforcerX\Downloads\Arduino-IDE - Project\AI-Assisted Fingerprint Attendance System\audit_git_branches.txt","C:\Users\EnforcerX\Downloads\Arduino-IDE - Project\AI-Assisted Fingerprint Attendance System","audit_git_branches.txt",".txt","98"
"C:\Users\EnforcerX\Downloads\Arduino-IDE - Project\AI-Assisted Fingerprint Attendance System\audit_git_recent.txt","C:\Users\EnforcerX\Downloads\Arduino-IDE - Project\AI-Assisted Fingerprint Attendance System","audit_git_recent.txt",".txt","1667"
"C:\Users\EnforcerX\Downloads\Arduino-IDE - Project\AI-Assisted Fingerprint Attendance System\audit_git_stats.txt","C:\Users\EnforcerX\Downloads\Arduino-IDE - Project\AI-Assisted Fingerprint Attendance System","audit_git_stats.txt",".txt","9126"
"C:\Users\EnforcerX\Downloads\Arduino-IDE - Project\AI-Assisted Fingerprint Attendance System\audit_git_status.txt","C:\Users\EnforcerX\Downloads\Arduino-IDE - Project\AI-Assisted Fingerprint Attendance System","audit_git_status.txt",".txt","62"
"C:\Users\EnforcerX\Downloads\Arduino-IDE - Project\AI-Assisted Fingerprint Attendance System\data\attendance.db","C:\Users\EnforcerX\Downloads\Arduino-IDE - Project\AI-Assisted Fingerprint Attendance System\data","attendance.db",".db","40960"
"C:\Users\EnforcerX\Downloads\Arduino-IDE - Project\AI-Assisted Fingerprint Attendance System\data\backups\attendance_20260704_231236.db","C:\Users\EnforcerX\Downloads\Arduino-IDE - Project\AI-Assisted Fingerprint Attendance System\data\backups","attendance_20260704_231236.db",".db","40960"
"C:\Users\EnforcerX\Downloads\Arduino-IDE - Project\AI-Assisted Fingerprint Attendance System\data\backups\attendance_20260704_231628.db","C:\Users\EnforcerX\Downloads\Arduino-IDE - Project\AI-Assisted Fingerprint Attendance System\data\backups","attendance_20260704_231628.db",".db","40960"
"C:\Users\EnforcerX\Downloads\Arduino-IDE - Project\AI-Assisted Fingerprint Attendance System\data\backups\attendance_20260704_231812.db","C:\Users\EnforcerX\Downloads\Arduino-IDE - Project\AI-Assisted Fingerprint Attendance System\data\backups","attendance_20260704_231812.db",".db","40960"
"C:\Users\EnforcerX\Downloads\Arduino-IDE - Project\AI-Assisted Fingerprint Attendance System\data\backups\attendance_20260704_232824.db","C:\Users\EnforcerX\Downloads\Arduino-IDE - Project\AI-Assisted Fingerprint Attendance System\data\backups","attendance_20260704_232824.db",".db","40960"
"C:\Users\EnforcerX\Downloads\Arduino-IDE - Project\AI-Assisted Fingerprint Attendance System\data\backups\attendance_20260704_233316.db","C:\Users\EnforcerX\Downloads\Arduino-IDE - Project\AI-Assisted Fingerprint Attendance System\data\backups","attendance_20260704_233316.db",".db","40960"
"C:\Users\EnforcerX\Downloads\Arduino-IDE - Project\AI-Assisted Fingerprint Attendance System\data\backups\attendance_20260704_234147.db","C:\Users\EnforcerX\Downloads\Arduino-IDE - Project\AI-Assisted Fingerprint Attendance System\data\backups","attendance_20260704_234147.db",".db","40960"
"C:\Users\EnforcerX\Downloads\Arduino-IDE - Project\AI-Assisted Fingerprint Attendance System\data\backups\attendance_20260705_034043.db","C:\Users\EnforcerX\Downloads\Arduino-IDE - Project\AI-Assisted Fingerprint Attendance System\data\backups","attendance_20260705_034043.db",".db","40960"
"C:\Users\EnforcerX\Downloads\Arduino-IDE - Project\AI-Assisted Fingerprint Attendance System\data\backups\attendance_20260705_175923.db","C:\Users\EnforcerX\Downloads\Arduino-IDE - Project\AI-Assisted Fingerprint Attendance System\data\backups","attendance_20260705_175923.db",".db","40960"
"C:\Users\EnforcerX\Downloads\Arduino-IDE - Project\AI-Assisted Fingerprint Attendance System\data\backups\attendance_20260705_191845.db","C:\Users\EnforcerX\Downloads\Arduino-IDE - Project\AI-Assisted Fingerprint Attendance System\data\backups","attendance_20260705_191845.db",".db","40960"
"C:\Users\EnforcerX\Downloads\Arduino-IDE - Project\AI-Assisted Fingerprint Attendance System\data\backups\attendance_20260707_023512.db","C:\Users\EnforcerX\Downloads\Arduino-IDE - Project\AI-Assisted Fingerprint Attendance System\data\backups","attendance_20260707_023512.db",".db","40960"
"C:\Users\EnforcerX\Downloads\Arduino-IDE - Project\AI-Assisted Fingerprint Attendance System\data\backups\attendance_20260707_111800.db","C:\Users\EnforcerX\Downloads\Arduino-IDE - Project\AI-Assisted Fingerprint Attendance System\data\backups","attendance_20260707_111800.db",".db","40960"
"C:\Users\EnforcerX\Downloads\Arduino-IDE - Project\AI-Assisted Fingerprint Attendance System\data\backups\attendance_20260707_115041.db","C:\Users\EnforcerX\Downloads\Arduino-IDE - Project\AI-Assisted Fingerprint Attendance System\data\backups","attendance_20260707_115041.db",".db","40960"
"C:\Users\EnforcerX\Downloads\Arduino-IDE - Project\AI-Assisted Fingerprint Attendance System\data\backups\attendance_20260709_111900.db","C:\Users\EnforcerX\Downloads\Arduino-IDE - Project\AI-Assisted Fingerprint Attendance System\data\backups","attendance_20260709_111900.db",".db","40960"
"C:\Users\EnforcerX\Downloads\Arduino-IDE - Project\AI-Assisted Fingerprint Attendance System\data\backups\attendance_20260709_112423.db","C:\Users\EnforcerX\Downloads\Arduino-IDE - Project\AI-Assisted Fingerprint Attendance System\data\backups","attendance_20260709_112423.db",".db","40960"
"C:\Users\EnforcerX\Downloads\Arduino-IDE - Project\AI-Assisted Fingerprint Attendance System\data\backups\attendance_20260709_114032.db","C:\Users\EnforcerX\Downloads\Arduino-IDE - Project\AI-Assisted Fingerprint Attendance System\data\backups","attendance_20260709_114032.db",".db","40960"
"C:\Users\EnforcerX\Downloads\Arduino-IDE - Project\AI-Assisted Fingerprint Attendance System\data\backups\attendance_20260709_114109.db","C:\Users\EnforcerX\Downloads\Arduino-IDE - Project\AI-Assisted Fingerprint Attendance System\data\backups","attendance_20260709_114109.db",".db","40960"
"C:\Users\EnforcerX\Downloads\Arduino-IDE - Project\AI-Assisted Fingerprint Attendance System\data\backups\attendance_20260709_120016.db","C:\Users\EnforcerX\Downloads\Arduino-IDE - Project\AI-Assisted Fingerprint Attendance System\data\backups","attendance_20260709_120016.db",".db","40960"
"C:\Users\EnforcerX\Downloads\Arduino-IDE - Project\AI-Assisted Fingerprint Attendance System\data\backups\attendance_20260709_121906.db","C:\Users\EnforcerX\Downloads\Arduino-IDE - Project\AI-Assisted Fingerprint Attendance System\data\backups","attendance_20260709_121906.db",".db","40960"
"C:\Users\EnforcerX\Downloads\Arduino-IDE - Project\AI-Assisted Fingerprint Attendance System\data\backups\attendance_20260710_213837.db","C:\Users\EnforcerX\Downloads\Arduino-IDE - Project\AI-Assisted Fingerprint Attendance System\data\backups","attendance_20260710_213837.db",".db","40960"
"C:\Users\EnforcerX\Downloads\Arduino-IDE - Project\AI-Assisted Fingerprint Attendance System\data\backups\attendance_20260710_214404.db","C:\Users\EnforcerX\Downloads\Arduino-IDE - Project\AI-Assisted Fingerprint Attendance System\data\backups","attendance_20260710_214404.db",".db","40960"
"C:\Users\EnforcerX\Downloads\Arduino-IDE - Project\AI-Assisted Fingerprint Attendance System\data\backups\attendance_20260711_154901.db","C:\Users\EnforcerX\Downloads\Arduino-IDE - Project\AI-Assisted Fingerprint Attendance System\data\backups","attendance_20260711_154901.db",".db","40960"
"C:\Users\EnforcerX\Downloads\Arduino-IDE - Project\AI-Assisted Fingerprint Attendance System\data\backups\attendance_20260716_001254.db","C:\Users\EnforcerX\Downloads\Arduino-IDE - Project\AI-Assisted Fingerprint Attendance System\data\backups","attendance_20260716_001254.db",".db","40960"
"C:\Users\EnforcerX\Downloads\Arduino-IDE - Project\AI-Assisted Fingerprint Attendance System\data\charts\attendance_timeline.png","C:\Users\EnforcerX\Downloads\Arduino-IDE - Project\AI-Assisted Fingerprint Attendance System\data\charts","attendance_timeline.png",".png","10806"
"C:\Users\EnforcerX\Downloads\Arduino-IDE - Project\AI-Assisted Fingerprint Attendance System\data\charts\grade_chart.png","C:\Users\EnforcerX\Downloads\Arduino-IDE - Project\AI-Assisted Fingerprint Attendance System\data\charts","grade_chart.png",".png","11865"
"C:\Users\EnforcerX\Downloads\Arduino-IDE - Project\AI-Assisted Fingerprint Attendance System\data\charts\section_chart.png","C:\Users\EnforcerX\Downloads\Arduino-IDE - Project\AI-Assisted Fingerprint Attendance System\data\charts","section_chart.png",".png","9119"
"C:\Users\EnforcerX\Downloads\Arduino-IDE - Project\AI-Assisted Fingerprint Attendance System\data\logs\2026-07-04.log","C:\Users\EnforcerX\Downloads\Arduino-IDE - Project\AI-Assisted Fingerprint Attendance System\data\logs","2026-07-04.log",".log","4217"
"C:\Users\EnforcerX\Downloads\Arduino-IDE - Project\AI-Assisted Fingerprint Attendance System\data\logs\2026-07-05.log","C:\Users\EnforcerX\Downloads\Arduino-IDE - Project\AI-Assisted Fingerprint Attendance System\data\logs","2026-07-05.log",".log","8409"
"C:\Users\EnforcerX\Downloads\Arduino-IDE - Project\AI-Assisted Fingerprint Attendance System\data\logs\2026-07-06.log","C:\Users\EnforcerX\Downloads\Arduino-IDE - Project\AI-Assisted Fingerprint Attendance System\data\logs","2026-07-06.log",".log","324"
"C:\Users\EnforcerX\Downloads\Arduino-IDE - Project\AI-Assisted Fingerprint Attendance System\data\logs\2026-07-07.log","C:\Users\EnforcerX\Downloads\Arduino-IDE - Project\AI-Assisted Fingerprint Attendance System\data\logs","2026-07-07.log",".log","5690"
"C:\Users\EnforcerX\Downloads\Arduino-IDE - Project\AI-Assisted Fingerprint Attendance System\data\logs\2026-07-08.log","C:\Users\EnforcerX\Downloads\Arduino-IDE - Project\AI-Assisted Fingerprint Attendance System\data\logs","2026-07-08.log",".log","486"
"C:\Users\EnforcerX\Downloads\Arduino-IDE - Project\AI-Assisted Fingerprint Attendance System\data\logs\2026-07-09.log","C:\Users\EnforcerX\Downloads\Arduino-IDE - Project\AI-Assisted Fingerprint Attendance System\data\logs","2026-07-09.log",".log","12452"
"C:\Users\EnforcerX\Downloads\Arduino-IDE - Project\AI-Assisted Fingerprint Attendance System\data\logs\2026-07-10.log","C:\Users\EnforcerX\Downloads\Arduino-IDE - Project\AI-Assisted Fingerprint Attendance System\data\logs","2026-07-10.log",".log","2175"
"C:\Users\EnforcerX\Downloads\Arduino-IDE - Project\AI-Assisted Fingerprint Attendance System\data\logs\2026-07-11.log","C:\Users\EnforcerX\Downloads\Arduino-IDE - Project\AI-Assisted Fingerprint Attendance System\data\logs","2026-07-11.log",".log","1169"
"C:\Users\EnforcerX\Downloads\Arduino-IDE - Project\AI-Assisted Fingerprint Attendance System\data\logs\2026-07-12.log","C:\Users\EnforcerX\Downloads\Arduino-IDE - Project\AI-Assisted Fingerprint Attendance System\data\logs","2026-07-12.log",".log","2430"
"C:\Users\EnforcerX\Downloads\Arduino-IDE - Project\AI-Assisted Fingerprint Attendance System\data\logs\2026-07-15.log","C:\Users\EnforcerX\Downloads\Arduino-IDE - Project\AI-Assisted Fingerprint Attendance System\data\logs","2026-07-15.log",".log","162"
"C:\Users\EnforcerX\Downloads\Arduino-IDE - Project\AI-Assisted Fingerprint Attendance System\data\logs\2026-07-16.log","C:\Users\EnforcerX\Downloads\Arduino-IDE - Project\AI-Assisted Fingerprint Attendance System\data\logs","2026-07-16.log",".log","3296"
"C:\Users\EnforcerX\Downloads\Arduino-IDE - Project\AI-Assisted Fingerprint Attendance System\data\logs\2026-07-17.log","C:\Users\EnforcerX\Downloads\Arduino-IDE - Project\AI-Assisted Fingerprint Attendance System\data\logs","2026-07-17.log",".log","0"
"C:\Users\EnforcerX\Downloads\Arduino-IDE - Project\AI-Assisted Fingerprint Attendance System\data\logs\fingerprint_attendance.log","C:\Users\EnforcerX\Downloads\Arduino-IDE - Project\AI-Assisted Fingerprint Attendance System\data\logs","fingerprint_attendance.log",".log","8039"
"C:\Users\EnforcerX\Downloads\Arduino-IDE - Project\AI-Assisted Fingerprint Attendance System\data\logs\fingerprint_attendance.log.2026-07-28","C:\Users\EnforcerX\Downloads\Arduino-IDE - Project\AI-Assisted Fingerprint Attendance System\data\logs","fingerprint_attendance.log.2026-07-28",".2026-07-28","162"
"C:\Users\EnforcerX\Downloads\Arduino-IDE - Project\AI-Assisted Fingerprint Attendance System\data\logs\fingerprint_attendance.log.2026-08-03","C:\Users\EnforcerX\Downloads\Arduino-IDE - Project\AI-Assisted Fingerprint Attendance System\data\logs","fingerprint_attendance.log.2026-08-03",".2026-08-03","9105"
"C:\Users\EnforcerX\Downloads\Arduino-IDE - Project\AI-Assisted Fingerprint Attendance System\data\logs\fingerprint_attendance.log.2026-08-04","C:\Users\EnforcerX\Downloads\Arduino-IDE - Project\AI-Assisted Fingerprint Attendance System\data\logs","fingerprint_attendance.log.2026-08-04",".2026-08-04","29720"
"C:\Users\EnforcerX\Downloads\Arduino-IDE - Project\AI-Assisted Fingerprint Attendance System\data\logs\fingerprint_attendance.log.2026-08-05","C:\Users\EnforcerX\Downloads\Arduino-IDE - Project\AI-Assisted Fingerprint Attendance System\data\logs","fingerprint_attendance.log.2026-08-05",".2026-08-05","4403"
"C:\Users\EnforcerX\Downloads\Arduino-IDE - Project\AI-Assisted Fingerprint Attendance System\data\logs\fingerprint_attendance.log.2026-08-06","C:\Users\EnforcerX\Downloads\Arduino-IDE - Project\AI-Assisted Fingerprint Attendance System\data\logs","fingerprint_attendance.log.2026-08-06",".2026-08-06","8813"
"C:\Users\EnforcerX\Downloads\Arduino-IDE - Project\AI-Assisted Fingerprint Attendance System\data\logs\fingerprint_attendance.log.2026-08-08","C:\Users\EnforcerX\Downloads\Arduino-IDE - Project\AI-Assisted Fingerprint Attendance System\data\logs","fingerprint_attendance.log.2026-08-08",".2026-08-08","27515"
"C:\Users\EnforcerX\Downloads\Arduino-IDE - Project\AI-Assisted Fingerprint Attendance System\data\logs\fingerprint_attendance.log.2026-08-09","C:\Users\EnforcerX\Downloads\Arduino-IDE - Project\AI-Assisted Fingerprint Attendance System\data\logs","fingerprint_attendance.log.2026-08-09",".2026-08-09","90279"
"C:\Users\EnforcerX\Downloads\Arduino-IDE - Project\AI-Assisted Fingerprint Attendance System\data\settings.json","C:\Users\EnforcerX\Downloads\Arduino-IDE - Project\AI-Assisted Fingerprint Attendance System\data","settings.json",".json","205"
"C:\Users\EnforcerX\Downloads\Arduino-IDE - Project\AI-Assisted Fingerprint Attendance System\docs\Architecture\architecture.md","C:\Users\EnforcerX\Downloads\Arduino-IDE - Project\AI-Assisted Fingerprint Attendance System\docs\Architecture","architecture.md",".md","816"
"C:\Users\EnforcerX\Downloads\Arduino-IDE - Project\AI-Assisted Fingerprint Attendance System\docs\Architecture\database-schema.md","C:\Users\EnforcerX\Downloads\Arduino-IDE - Project\AI-Assisted Fingerprint Attendance System\docs\Architecture","database-schema.md",".md","1824"
"C:\Users\EnforcerX\Downloads\Arduino-IDE - Project\AI-Assisted Fingerprint Attendance System\docs\Architecture\software-flow.md","C:\Users\EnforcerX\Downloads\Arduino-IDE - Project\AI-Assisted Fingerprint Attendance System\docs\Architecture","software-flow.md",".md","2618"
"C:\Users\EnforcerX\Downloads\Arduino-IDE - Project\AI-Assisted Fingerprint Attendance System\docs\Architecture\system-architecture.md","C:\Users\EnforcerX\Downloads\Arduino-IDE - Project\AI-Assisted Fingerprint Attendance System\docs\Architecture","system-architecture.md",".md","6266"
"C:\Users\EnforcerX\Downloads\Arduino-IDE - Project\AI-Assisted Fingerprint Attendance System\docs\Development\change-log.md","C:\Users\EnforcerX\Downloads\Arduino-IDE - Project\AI-Assisted Fingerprint Attendance System\docs\Development","change-log.md",".md","4468"
"C:\Users\EnforcerX\Downloads\Arduino-IDE - Project\AI-Assisted Fingerprint Attendance System\docs\Development\database-integration-summary.md","C:\Users\EnforcerX\Downloads\Arduino-IDE - Project\AI-Assisted Fingerprint Attendance System\docs\Development","database-integration-summary.md",".md","4073"
"C:\Users\EnforcerX\Downloads\Arduino-IDE - Project\AI-Assisted Fingerprint Attendance System\docs\Development\database-updates.md","C:\Users\EnforcerX\Downloads\Arduino-IDE - Project\AI-Assisted Fingerprint Attendance System\docs\Development","database-updates.md",".md","11662"
"C:\Users\EnforcerX\Downloads\Arduino-IDE - Project\AI-Assisted Fingerprint Attendance System\docs\Development\ESP32_Fingerprint_AllInOne_firmware_explanation.md","C:\Users\EnforcerX\Downloads\Arduino-IDE - Project\AI-Assisted Fingerprint Attendance System\docs\Development","ESP32_Fingerprint_AllInOne_firmware_explanation.md",".md","7374"
"C:\Users\EnforcerX\Downloads\Arduino-IDE - Project\AI-Assisted Fingerprint Attendance System\docs\Development\FILES_DETAILED.md","C:\Users\EnforcerX\Downloads\Arduino-IDE - Project\AI-Assisted Fingerprint Attendance System\docs\Development","FILES_DETAILED.md",".md","5380"
"C:\Users\EnforcerX\Downloads\Arduino-IDE - Project\AI-Assisted Fingerprint Attendance System\docs\Development\FILES_OVERVIEW.md","C:\Users\EnforcerX\Downloads\Arduino-IDE - Project\AI-Assisted Fingerprint Attendance System\docs\Development","FILES_OVERVIEW.md",".md","9084"
"C:\Users\EnforcerX\Downloads\Arduino-IDE - Project\AI-Assisted Fingerprint Attendance System\docs\Development\fix_report.md","C:\Users\EnforcerX\Downloads\Arduino-IDE - Project\AI-Assisted Fingerprint Attendance System\docs\Development","fix_report.md",".md","3072"
"C:\Users\EnforcerX\Downloads\Arduino-IDE - Project\AI-Assisted Fingerprint Attendance System\docs\Development\implementation-summary.md","C:\Users\EnforcerX\Downloads\Arduino-IDE - Project\AI-Assisted Fingerprint Attendance System\docs\Development","implementation-summary.md",".md","5164"
"C:\Users\EnforcerX\Downloads\Arduino-IDE - Project\AI-Assisted Fingerprint Attendance System\docs\Development\logger_usage.md","C:\Users\EnforcerX\Downloads\Arduino-IDE - Project\AI-Assisted Fingerprint Attendance System\docs\Development","logger_usage.md",".md","6964"
"C:\Users\EnforcerX\Downloads\Arduino-IDE - Project\AI-Assisted Fingerprint Attendance System\docs\Development\logging-guide.md","C:\Users\EnforcerX\Downloads\Arduino-IDE - Project\AI-Assisted Fingerprint Attendance System\docs\Development","logging-guide.md",".md","3642"
"C:\Users\EnforcerX\Downloads\Arduino-IDE - Project\AI-Assisted Fingerprint Attendance System\docs\Development\logging-quick-reference.md","C:\Users\EnforcerX\Downloads\Arduino-IDE - Project\AI-Assisted Fingerprint Attendance System\docs\Development","logging-quick-reference.md",".md","4521"
"C:\Users\EnforcerX\Downloads\Arduino-IDE - Project\AI-Assisted Fingerprint Attendance System\docs\Development\logging-summary.md","C:\Users\EnforcerX\Downloads\Arduino-IDE - Project\AI-Assisted Fingerprint Attendance System\docs\Development","logging-summary.md",".md","7627"
"C:\Users\EnforcerX\Downloads\Arduino-IDE - Project\AI-Assisted Fingerprint Attendance System\docs\Development\migration-example.md","C:\Users\EnforcerX\Downloads\Arduino-IDE - Project\AI-Assisted Fingerprint Attendance System\docs\Development","migration-example.md",".md","7515"
"C:\Users\EnforcerX\Downloads\Arduino-IDE - Project\AI-Assisted Fingerprint Attendance System\docs\Development\notes.txt","C:\Users\EnforcerX\Downloads\Arduino-IDE - Project\AI-Assisted Fingerprint Attendance System\docs\Development","notes.txt",".txt","21826"
"C:\Users\EnforcerX\Downloads\Arduino-IDE - Project\AI-Assisted Fingerprint Attendance System\docs\Development\polish-phase-complete.md","C:\Users\EnforcerX\Downloads\Arduino-IDE - Project\AI-Assisted Fingerprint Attendance System\docs\Development","polish-phase-complete.md",".md","8798"
"C:\Users\EnforcerX\Downloads\Arduino-IDE - Project\AI-Assisted Fingerprint Attendance System\docs\Development\polish-phase-roadmap.md","C:\Users\EnforcerX\Downloads\Arduino-IDE - Project\AI-Assisted Fingerprint Attendance System\docs\Development","polish-phase-roadmap.md",".md","11406"
"C:\Users\EnforcerX\Downloads\Arduino-IDE - Project\AI-Assisted Fingerprint Attendance System\docs\Development\structure.txt","C:\Users\EnforcerX\Downloads\Arduino-IDE - Project\AI-Assisted Fingerprint Attendance System\docs\Development","structure.txt",".txt","9274"
"C:\Users\EnforcerX\Downloads\Arduino-IDE - Project\AI-Assisted Fingerprint Attendance System\docs\Development\todo.md","C:\Users\EnforcerX\Downloads\Arduino-IDE - Project\AI-Assisted Fingerprint Attendance System\docs\Development","todo.md",".md","408"
"C:\Users\EnforcerX\Downloads\Arduino-IDE - Project\AI-Assisted Fingerprint Attendance System\docs\Dup\notes.txt","C:\Users\EnforcerX\Downloads\Arduino-IDE - Project\AI-Assisted Fingerprint Attendance System\docs\Dup","notes.txt",".txt","21826"
"C:\Users\EnforcerX\Downloads\Arduino-IDE - Project\AI-Assisted Fingerprint Attendance System\docs\Dup\README.md","C:\Users\EnforcerX\Downloads\Arduino-IDE - Project\AI-Assisted Fingerprint Attendance System\docs\Dup","README.md",".md","594"
"C:\Users\EnforcerX\Downloads\Arduino-IDE - Project\AI-Assisted Fingerprint Attendance System\docs\Dup\Screenshot 2026-06-30 115359.png","C:\Users\EnforcerX\Downloads\Arduino-IDE - Project\AI-Assisted Fingerprint Attendance System\docs\Dup","Screenshot 2026-06-30 115359.png",".png","289513"
"C:\Users\EnforcerX\Downloads\Arduino-IDE - Project\AI-Assisted Fingerprint Attendance System\docs\Dup\Screenshot 2026-06-30 115404.png","C:\Users\EnforcerX\Downloads\Arduino-IDE - Project\AI-Assisted Fingerprint Attendance System\docs\Dup","Screenshot 2026-06-30 115404.png",".png","185220"
"C:\Users\EnforcerX\Downloads\Arduino-IDE - Project\AI-Assisted Fingerprint Attendance System\docs\Dup\Screenshot 2026-06-30 190312.png","C:\Users\EnforcerX\Downloads\Arduino-IDE - Project\AI-Assisted Fingerprint Attendance System\docs\Dup","Screenshot 2026-06-30 190312.png",".png","298550"
"C:\Users\EnforcerX\Downloads\Arduino-IDE - Project\AI-Assisted Fingerprint Attendance System\docs\Dup\Screenshot 2026-06-30 193423.png","C:\Users\EnforcerX\Downloads\Arduino-IDE - Project\AI-Assisted Fingerprint Attendance System\docs\Dup","Screenshot 2026-06-30 193423.png",".png","6979"
"C:\Users\EnforcerX\Downloads\Arduino-IDE - Project\AI-Assisted Fingerprint Attendance System\docs\Dup\Screenshot 2026-06-30 193928.png","C:\Users\EnforcerX\Downloads\Arduino-IDE - Project\AI-Assisted Fingerprint Attendance System\docs\Dup","Screenshot 2026-06-30 193928.png",".png","6610"
"C:\Users\EnforcerX\Downloads\Arduino-IDE - Project\AI-Assisted Fingerprint Attendance System\docs\Dup\Screenshot 2026-06-30 194343.png","C:\Users\EnforcerX\Downloads\Arduino-IDE - Project\AI-Assisted Fingerprint Attendance System\docs\Dup","Screenshot 2026-06-30 194343.png",".png","7483"
"C:\Users\EnforcerX\Downloads\Arduino-IDE - Project\AI-Assisted Fingerprint Attendance System\docs\Dup\Screenshot 2026-06-30 194530.png","C:\Users\EnforcerX\Downloads\Arduino-IDE - Project\AI-Assisted Fingerprint Attendance System\docs\Dup","Screenshot 2026-06-30 194530.png",".png","76485"
"C:\Users\EnforcerX\Downloads\Arduino-IDE - Project\AI-Assisted Fingerprint Attendance System\docs\Dup\Screenshot 2026-06-30 195210.png","C:\Users\EnforcerX\Downloads\Arduino-IDE - Project\AI-Assisted Fingerprint Attendance System\docs\Dup","Screenshot 2026-06-30 195210.png",".png","392574"
"C:\Users\EnforcerX\Downloads\Arduino-IDE - Project\AI-Assisted Fingerprint Attendance System\docs\Dup\Screenshot 2026-06-30 200710.png","C:\Users\EnforcerX\Downloads\Arduino-IDE - Project\AI-Assisted Fingerprint Attendance System\docs\Dup","Screenshot 2026-06-30 200710.png",".png","441784"
"C:\Users\EnforcerX\Downloads\Arduino-IDE - Project\AI-Assisted Fingerprint Attendance System\docs\Dup\Screenshot 2026-06-30 201634.png","C:\Users\EnforcerX\Downloads\Arduino-IDE - Project\AI-Assisted Fingerprint Attendance System\docs\Dup","Screenshot 2026-06-30 201634.png",".png","205967"
"C:\Users\EnforcerX\Downloads\Arduino-IDE - Project\AI-Assisted Fingerprint Attendance System\docs\Dup\Screenshot 2026-06-30 204935.png","C:\Users\EnforcerX\Downloads\Arduino-IDE - Project\AI-Assisted Fingerprint Attendance System\docs\Dup","Screenshot 2026-06-30 204935.png",".png","459915"
"C:\Users\EnforcerX\Downloads\Arduino-IDE - Project\AI-Assisted Fingerprint Attendance System\docs\Dup\Screenshot 2026-06-30 205811.png","C:\Users\EnforcerX\Downloads\Arduino-IDE - Project\AI-Assisted Fingerprint Attendance System\docs\Dup","Screenshot 2026-06-30 205811.png",".png","12905"
"C:\Users\EnforcerX\Downloads\Arduino-IDE - Project\AI-Assisted Fingerprint Attendance System\docs\Dup\Screenshot 2026-06-30 205826.png","C:\Users\EnforcerX\Downloads\Arduino-IDE - Project\AI-Assisted Fingerprint Attendance System\docs\Dup","Screenshot 2026-06-30 205826.png",".png","5217"
"C:\Users\EnforcerX\Downloads\Arduino-IDE - Project\AI-Assisted Fingerprint Attendance System\docs\Dup\Screenshot 2026-06-30 212105.png","C:\Users\EnforcerX\Downloads\Arduino-IDE - Project\AI-Assisted Fingerprint Attendance System\docs\Dup","Screenshot 2026-06-30 212105.png",".png","219523"
"C:\Users\EnforcerX\Downloads\Arduino-IDE - Project\AI-Assisted Fingerprint Attendance System\docs\Dup\Screenshot 2026-06-30 213207.png","C:\Users\EnforcerX\Downloads\Arduino-IDE - Project\AI-Assisted Fingerprint Attendance System\docs\Dup","Screenshot 2026-06-30 213207.png",".png","115640"
"C:\Users\EnforcerX\Downloads\Arduino-IDE - Project\AI-Assisted Fingerprint Attendance System\docs\Dup\Screenshot 2026-06-30 214250.png","C:\Users\EnforcerX\Downloads\Arduino-IDE - Project\AI-Assisted Fingerprint Attendance System\docs\Dup","Screenshot 2026-06-30 214250.png",".png","104812"
"C:\Users\EnforcerX\Downloads\Arduino-IDE - Project\AI-Assisted Fingerprint Attendance System\docs\Dup\Screenshot 2026-06-30 223351.png","C:\Users\EnforcerX\Downloads\Arduino-IDE - Project\AI-Assisted Fingerprint Attendance System\docs\Dup","Screenshot 2026-06-30 223351.png",".png","303975"
"C:\Users\EnforcerX\Downloads\Arduino-IDE - Project\AI-Assisted Fingerprint Attendance System\docs\Dup\Screenshot 2026-06-30 230553.png","C:\Users\EnforcerX\Downloads\Arduino-IDE - Project\AI-Assisted Fingerprint Attendance System\docs\Dup","Screenshot 2026-06-30 230553.png",".png","265949"
"C:\Users\EnforcerX\Downloads\Arduino-IDE - Project\AI-Assisted Fingerprint Attendance System\docs\Dup\Screenshot 2026-06-30 230614.png","C:\Users\EnforcerX\Downloads\Arduino-IDE - Project\AI-Assisted Fingerprint Attendance System\docs\Dup","Screenshot 2026-06-30 230614.png",".png","409849"
"C:\Users\EnforcerX\Downloads\Arduino-IDE - Project\AI-Assisted Fingerprint Attendance System\docs\Dup\Screenshot 2026-06-30 231636.png","C:\Users\EnforcerX\Downloads\Arduino-IDE - Project\AI-Assisted Fingerprint Attendance System\docs\Dup","Screenshot 2026-06-30 231636.png",".png","813029"
"C:\Users\EnforcerX\Downloads\Arduino-IDE - Project\AI-Assisted Fingerprint Attendance System\docs\Dup\Screenshot 2026-06-30 234700.png","C:\Users\EnforcerX\Downloads\Arduino-IDE - Project\AI-Assisted Fingerprint Attendance System\docs\Dup","Screenshot 2026-06-30 234700.png",".png","25417"
"C:\Users\EnforcerX\Downloads\Arduino-IDE - Project\AI-Assisted Fingerprint Attendance System\docs\Dup\Screenshot 2026-07-01 215932.png","C:\Users\EnforcerX\Downloads\Arduino-IDE - Project\AI-Assisted Fingerprint Attendance System\docs\Dup","Screenshot 2026-07-01 215932.png",".png","10647"
"C:\Users\EnforcerX\Downloads\Arduino-IDE - Project\AI-Assisted Fingerprint Attendance System\docs\Dup\Screenshot 2026-07-01 220522.png","C:\Users\EnforcerX\Downloads\Arduino-IDE - Project\AI-Assisted Fingerprint Attendance System\docs\Dup","Screenshot 2026-07-01 220522.png",".png","262485"
"C:\Users\EnforcerX\Downloads\Arduino-IDE - Project\AI-Assisted Fingerprint Attendance System\docs\Dup\Screenshot 2026-07-01 220725.png","C:\Users\EnforcerX\Downloads\Arduino-IDE - Project\AI-Assisted Fingerprint Attendance System\docs\Dup","Screenshot 2026-07-01 220725.png",".png","5307"
"C:\Users\EnforcerX\Downloads\Arduino-IDE - Project\AI-Assisted Fingerprint Attendance System\docs\Dup\Screenshot 2026-07-01 222527.png","C:\Users\EnforcerX\Downloads\Arduino-IDE - Project\AI-Assisted Fingerprint Attendance System\docs\Dup","Screenshot 2026-07-01 222527.png",".png","20774"
"C:\Users\EnforcerX\Downloads\Arduino-IDE - Project\AI-Assisted Fingerprint Attendance System\docs\Dup\Screenshot 2026-07-01 222624.png","C:\Users\EnforcerX\Downloads\Arduino-IDE - Project\AI-Assisted Fingerprint Attendance System\docs\Dup","Screenshot 2026-07-01 222624.png",".png","328333"
"C:\Users\EnforcerX\Downloads\Arduino-IDE - Project\AI-Assisted Fingerprint Attendance System\docs\Dup\Screenshot 2026-07-01 223020.png","C:\Users\EnforcerX\Downloads\Arduino-IDE - Project\AI-Assisted Fingerprint Attendance System\docs\Dup","Screenshot 2026-07-01 223020.png",".png","10841"
"C:\Users\EnforcerX\Downloads\Arduino-IDE - Project\AI-Assisted Fingerprint Attendance System\docs\Dup\Screenshot 2026-07-02 000130.png","C:\Users\EnforcerX\Downloads\Arduino-IDE - Project\AI-Assisted Fingerprint Attendance System\docs\Dup","Screenshot 2026-07-02 000130.png",".png","3590"
"C:\Users\EnforcerX\Downloads\Arduino-IDE - Project\AI-Assisted Fingerprint Attendance System\docs\Dup\Screenshot 2026-07-02 213944.png","C:\Users\EnforcerX\Downloads\Arduino-IDE - Project\AI-Assisted Fingerprint Attendance System\docs\Dup","Screenshot 2026-07-02 213944.png",".png","30473"
"C:\Users\EnforcerX\Downloads\Arduino-IDE - Project\AI-Assisted Fingerprint Attendance System\docs\Dup\Screenshot 2026-07-02 215347.png","C:\Users\EnforcerX\Downloads\Arduino-IDE - Project\AI-Assisted Fingerprint Attendance System\docs\Dup","Screenshot 2026-07-02 215347.png",".png","2500"
"C:\Users\EnforcerX\Downloads\Arduino-IDE - Project\AI-Assisted Fingerprint Attendance System\docs\Dup\Screenshot 2026-07-02 215354.png","C:\Users\EnforcerX\Downloads\Arduino-IDE - Project\AI-Assisted Fingerprint Attendance System\docs\Dup","Screenshot 2026-07-02 215354.png",".png","15944"
"C:\Users\EnforcerX\Downloads\Arduino-IDE - Project\AI-Assisted Fingerprint Attendance System\docs\Dup\Screenshot 2026-07-03 122804.png","C:\Users\EnforcerX\Downloads\Arduino-IDE - Project\AI-Assisted Fingerprint Attendance System\docs\Dup","Screenshot 2026-07-03 122804.png",".png","34919"
"C:\Users\EnforcerX\Downloads\Arduino-IDE - Project\AI-Assisted Fingerprint Attendance System\docs\Dup\Screenshot 2026-07-04 010505.png","C:\Users\EnforcerX\Downloads\Arduino-IDE - Project\AI-Assisted Fingerprint Attendance System\docs\Dup","Screenshot 2026-07-04 010505.png",".png","20342"
"C:\Users\EnforcerX\Downloads\Arduino-IDE - Project\AI-Assisted Fingerprint Attendance System\docs\Dup\Screenshot 2026-07-04 025719.png","C:\Users\EnforcerX\Downloads\Arduino-IDE - Project\AI-Assisted Fingerprint Attendance System\docs\Dup","Screenshot 2026-07-04 025719.png",".png","1116"
"C:\Users\EnforcerX\Downloads\Arduino-IDE - Project\AI-Assisted Fingerprint Attendance System\docs\Dup\Screenshot 2026-07-04 025743.png","C:\Users\EnforcerX\Downloads\Arduino-IDE - Project\AI-Assisted Fingerprint Attendance System\docs\Dup","Screenshot 2026-07-04 025743.png",".png","11947"
"C:\Users\EnforcerX\Downloads\Arduino-IDE - Project\AI-Assisted Fingerprint Attendance System\docs\Dup\Screenshot 2026-07-04 025834.png","C:\Users\EnforcerX\Downloads\Arduino-IDE - Project\AI-Assisted Fingerprint Attendance System\docs\Dup","Screenshot 2026-07-04 025834.png",".png","29480"
"C:\Users\EnforcerX\Downloads\Arduino-IDE - Project\AI-Assisted Fingerprint Attendance System\docs\Dup\Screenshot 2026-07-04 030024.png","C:\Users\EnforcerX\Downloads\Arduino-IDE - Project\AI-Assisted Fingerprint Attendance System\docs\Dup","Screenshot 2026-07-04 030024.png",".png","2395"
"C:\Users\EnforcerX\Downloads\Arduino-IDE - Project\AI-Assisted Fingerprint Attendance System\docs\Dup\Screenshot 2026-07-04 030032.png","C:\Users\EnforcerX\Downloads\Arduino-IDE - Project\AI-Assisted Fingerprint Attendance System\docs\Dup","Screenshot 2026-07-04 030032.png",".png","3676"
"C:\Users\EnforcerX\Downloads\Arduino-IDE - Project\AI-Assisted Fingerprint Attendance System\docs\Dup\Screenshot 2026-07-04 030115.png","C:\Users\EnforcerX\Downloads\Arduino-IDE - Project\AI-Assisted Fingerprint Attendance System\docs\Dup","Screenshot 2026-07-04 030115.png",".png","8166"
"C:\Users\EnforcerX\Downloads\Arduino-IDE - Project\AI-Assisted Fingerprint Attendance System\docs\Dup\Screenshot 2026-07-04 031323.png","C:\Users\EnforcerX\Downloads\Arduino-IDE - Project\AI-Assisted Fingerprint Attendance System\docs\Dup","Screenshot 2026-07-04 031323.png",".png","13766"
"C:\Users\EnforcerX\Downloads\Arduino-IDE - Project\AI-Assisted Fingerprint Attendance System\docs\Dup\Screenshot 2026-07-04 031534.png","C:\Users\EnforcerX\Downloads\Arduino-IDE - Project\AI-Assisted Fingerprint Attendance System\docs\Dup","Screenshot 2026-07-04 031534.png",".png","4954"
"C:\Users\EnforcerX\Downloads\Arduino-IDE - Project\AI-Assisted Fingerprint Attendance System\docs\Dup\Screenshot 2026-07-04 035208.png","C:\Users\EnforcerX\Downloads\Arduino-IDE - Project\AI-Assisted Fingerprint Attendance System\docs\Dup","Screenshot 2026-07-04 035208.png",".png","83536"
"C:\Users\EnforcerX\Downloads\Arduino-IDE - Project\AI-Assisted Fingerprint Attendance System\docs\Dup\Screenshot 2026-07-04 221654.png","C:\Users\EnforcerX\Downloads\Arduino-IDE - Project\AI-Assisted Fingerprint Attendance System\docs\Dup","Screenshot 2026-07-04 221654.png",".png","10698"
"C:\Users\EnforcerX\Downloads\Arduino-IDE - Project\AI-Assisted Fingerprint Attendance System\docs\Dup\Screenshot 2026-07-04 221905.png","C:\Users\EnforcerX\Downloads\Arduino-IDE - Project\AI-Assisted Fingerprint Attendance System\docs\Dup","Screenshot 2026-07-04 221905.png",".png","1989"
"C:\Users\EnforcerX\Downloads\Arduino-IDE - Project\AI-Assisted Fingerprint Attendance System\docs\Dup\Screenshot 2026-07-04 222938.png","C:\Users\EnforcerX\Downloads\Arduino-IDE - Project\AI-Assisted Fingerprint Attendance System\docs\Dup","Screenshot 2026-07-04 222938.png",".png","1317"
"C:\Users\EnforcerX\Downloads\Arduino-IDE - Project\AI-Assisted Fingerprint Attendance System\docs\Dup\Screenshot 2026-07-04 230533.png","C:\Users\EnforcerX\Downloads\Arduino-IDE - Project\AI-Assisted Fingerprint Attendance System\docs\Dup","Screenshot 2026-07-04 230533.png",".png","10270"
"C:\Users\EnforcerX\Downloads\Arduino-IDE - Project\AI-Assisted Fingerprint Attendance System\docs\Dup\Screenshot 2026-07-05 172750.png","C:\Users\EnforcerX\Downloads\Arduino-IDE - Project\AI-Assisted Fingerprint Attendance System\docs\Dup","Screenshot 2026-07-05 172750.png",".png","59933"
"C:\Users\EnforcerX\Downloads\Arduino-IDE - Project\AI-Assisted Fingerprint Attendance System\docs\Dup\Screenshot 2026-07-05 172808.png","C:\Users\EnforcerX\Downloads\Arduino-IDE - Project\AI-Assisted Fingerprint Attendance System\docs\Dup","Screenshot 2026-07-05 172808.png",".png","28411"
"C:\Users\EnforcerX\Downloads\Arduino-IDE - Project\AI-Assisted Fingerprint Attendance System\docs\Dup\Screenshot 2026-07-05 172824.png","C:\Users\EnforcerX\Downloads\Arduino-IDE - Project\AI-Assisted Fingerprint Attendance System\docs\Dup","Screenshot 2026-07-05 172824.png",".png","5244"
"C:\Users\EnforcerX\Downloads\Arduino-IDE - Project\AI-Assisted Fingerprint Attendance System\docs\Dup\Screenshot 2026-07-05 181406.png","C:\Users\EnforcerX\Downloads\Arduino-IDE - Project\AI-Assisted Fingerprint Attendance System\docs\Dup","Screenshot 2026-07-05 181406.png",".png","33310"
"C:\Users\EnforcerX\Downloads\Arduino-IDE - Project\AI-Assisted Fingerprint Attendance System\docs\Dup\Screenshot 2026-07-05 181409.png","C:\Users\EnforcerX\Downloads\Arduino-IDE - Project\AI-Assisted Fingerprint Attendance System\docs\Dup","Screenshot 2026-07-05 181409.png",".png","24468"
"C:\Users\EnforcerX\Downloads\Arduino-IDE - Project\AI-Assisted Fingerprint Attendance System\docs\Dup\Screenshot 2026-07-05 181414.png","C:\Users\EnforcerX\Downloads\Arduino-IDE - Project\AI-Assisted Fingerprint Attendance System\docs\Dup","Screenshot 2026-07-05 181414.png",".png","20950"
"C:\Users\EnforcerX\Downloads\Arduino-IDE - Project\AI-Assisted Fingerprint Attendance System\docs\Dup\Screenshot 2026-07-05 182045.png","C:\Users\EnforcerX\Downloads\Arduino-IDE - Project\AI-Assisted Fingerprint Attendance System\docs\Dup","Screenshot 2026-07-05 182045.png",".png","947970"
"C:\Users\EnforcerX\Downloads\Arduino-IDE - Project\AI-Assisted Fingerprint Attendance System\docs\Dup\Screenshot 2026-07-05 191105.png","C:\Users\EnforcerX\Downloads\Arduino-IDE - Project\AI-Assisted Fingerprint Attendance System\docs\Dup","Screenshot 2026-07-05 191105.png",".png","5515"
"C:\Users\EnforcerX\Downloads\Arduino-IDE - Project\AI-Assisted Fingerprint Attendance System\docs\Dup\Screenshot 2026-07-05 201039.png","C:\Users\EnforcerX\Downloads\Arduino-IDE - Project\AI-Assisted Fingerprint Attendance System\docs\Dup","Screenshot 2026-07-05 201039.png",".png","42365"
"C:\Users\EnforcerX\Downloads\Arduino-IDE - Project\AI-Assisted Fingerprint Attendance System\docs\Dup\Screenshot 2026-07-06 215013.png","C:\Users\EnforcerX\Downloads\Arduino-IDE - Project\AI-Assisted Fingerprint Attendance System\docs\Dup","Screenshot 2026-07-06 215013.png",".png","245984"
"C:\Users\EnforcerX\Downloads\Arduino-IDE - Project\AI-Assisted Fingerprint Attendance System\docs\Dup\Screenshot 2026-07-06 220200.png","C:\Users\EnforcerX\Downloads\Arduino-IDE - Project\AI-Assisted Fingerprint Attendance System\docs\Dup","Screenshot 2026-07-06 220200.png",".png","6365"
"C:\Users\EnforcerX\Downloads\Arduino-IDE - Project\AI-Assisted Fingerprint Attendance System\docs\Dup\Screenshot 2026-07-06 220415.png","C:\Users\EnforcerX\Downloads\Arduino-IDE - Project\AI-Assisted Fingerprint Attendance System\docs\Dup","Screenshot 2026-07-06 220415.png",".png","12202"
"C:\Users\EnforcerX\Downloads\Arduino-IDE - Project\AI-Assisted Fingerprint Attendance System\docs\Dup\Screenshot 2026-07-06 220426.png","C:\Users\EnforcerX\Downloads\Arduino-IDE - Project\AI-Assisted Fingerprint Attendance System\docs\Dup","Screenshot 2026-07-06 220426.png",".png","12847"
"C:\Users\EnforcerX\Downloads\Arduino-IDE - Project\AI-Assisted Fingerprint Attendance System\docs\Dup\Screenshot 2026-07-07 000719.png","C:\Users\EnforcerX\Downloads\Arduino-IDE - Project\AI-Assisted Fingerprint Attendance System\docs\Dup","Screenshot 2026-07-07 000719.png",".png","10515"
"C:\Users\EnforcerX\Downloads\Arduino-IDE - Project\AI-Assisted Fingerprint Attendance System\docs\Dup\Screenshot 2026-07-07 015639.png","C:\Users\EnforcerX\Downloads\Arduino-IDE - Project\AI-Assisted Fingerprint Attendance System\docs\Dup","Screenshot 2026-07-07 015639.png",".png","5263"
"C:\Users\EnforcerX\Downloads\Arduino-IDE - Project\AI-Assisted Fingerprint Attendance System\docs\Dup\Screenshot 2026-07-07 015642.png","C:\Users\EnforcerX\Downloads\Arduino-IDE - Project\AI-Assisted Fingerprint Attendance System\docs\Dup","Screenshot 2026-07-07 015642.png",".png","3221"
"C:\Users\EnforcerX\Downloads\Arduino-IDE - Project\AI-Assisted Fingerprint Attendance System\docs\Dup\Screenshot 2026-07-07 015655.png","C:\Users\EnforcerX\Downloads\Arduino-IDE - Project\AI-Assisted Fingerprint Attendance System\docs\Dup","Screenshot 2026-07-07 015655.png",".png","5640"
"C:\Users\EnforcerX\Downloads\Arduino-IDE - Project\AI-Assisted Fingerprint Attendance System\docs\Dup\Screenshot 2026-07-07 015700.png","C:\Users\EnforcerX\Downloads\Arduino-IDE - Project\AI-Assisted Fingerprint Attendance System\docs\Dup","Screenshot 2026-07-07 015700.png",".png","5504"
"C:\Users\EnforcerX\Downloads\Arduino-IDE - Project\AI-Assisted Fingerprint Attendance System\docs\Dup\Screenshot 2026-07-07 020732.png","C:\Users\EnforcerX\Downloads\Arduino-IDE - Project\AI-Assisted Fingerprint Attendance System\docs\Dup","Screenshot 2026-07-07 020732.png",".png","4983"
"C:\Users\EnforcerX\Downloads\Arduino-IDE - Project\AI-Assisted Fingerprint Attendance System\docs\Dup\Screenshot 2026-07-07 021641.png","C:\Users\EnforcerX\Downloads\Arduino-IDE - Project\AI-Assisted Fingerprint Attendance System\docs\Dup","Screenshot 2026-07-07 021641.png",".png","5920"
"C:\Users\EnforcerX\Downloads\Arduino-IDE - Project\AI-Assisted Fingerprint Attendance System\docs\Dup\Screenshot 2026-07-07 024954.png","C:\Users\EnforcerX\Downloads\Arduino-IDE - Project\AI-Assisted Fingerprint Attendance System\docs\Dup","Screenshot 2026-07-07 024954.png",".png","41089"
"C:\Users\EnforcerX\Downloads\Arduino-IDE - Project\AI-Assisted Fingerprint Attendance System\docs\Dup\Screenshot 2026-07-07 025423.png","C:\Users\EnforcerX\Downloads\Arduino-IDE - Project\AI-Assisted Fingerprint Attendance System\docs\Dup","Screenshot 2026-07-07 025423.png",".png","1452"
"C:\Users\EnforcerX\Downloads\Arduino-IDE - Project\AI-Assisted Fingerprint Attendance System\docs\Dup\Screenshot 2026-07-07 114541.png","C:\Users\EnforcerX\Downloads\Arduino-IDE - Project\AI-Assisted Fingerprint Attendance System\docs\Dup","Screenshot 2026-07-07 114541.png",".png","13265"
"C:\Users\EnforcerX\Downloads\Arduino-IDE - Project\AI-Assisted Fingerprint Attendance System\docs\Dup\Screenshot 2026-07-07 114631.png","C:\Users\EnforcerX\Downloads\Arduino-IDE - Project\AI-Assisted Fingerprint Attendance System\docs\Dup","Screenshot 2026-07-07 114631.png",".png","16343"
"C:\Users\EnforcerX\Downloads\Arduino-IDE - Project\AI-Assisted Fingerprint Attendance System\docs\Dup\Screenshot 2026-07-07 115124.png","C:\Users\EnforcerX\Downloads\Arduino-IDE - Project\AI-Assisted Fingerprint Attendance System\docs\Dup","Screenshot 2026-07-07 115124.png",".png","54319"
"C:\Users\EnforcerX\Downloads\Arduino-IDE - Project\AI-Assisted Fingerprint Attendance System\docs\Dup\Screenshot 2026-07-07 115208.png","C:\Users\EnforcerX\Downloads\Arduino-IDE - Project\AI-Assisted Fingerprint Attendance System\docs\Dup","Screenshot 2026-07-07 115208.png",".png","16608"
"C:\Users\EnforcerX\Downloads\Arduino-IDE - Project\AI-Assisted Fingerprint Attendance System\docs\Dup\Screenshot 2026-07-07 115408.png","C:\Users\EnforcerX\Downloads\Arduino-IDE - Project\AI-Assisted Fingerprint Attendance System\docs\Dup","Screenshot 2026-07-07 115408.png",".png","23545"
"C:\Users\EnforcerX\Downloads\Arduino-IDE - Project\AI-Assisted Fingerprint Attendance System\docs\Dup\Screenshot 2026-07-07 115652.png","C:\Users\EnforcerX\Downloads\Arduino-IDE - Project\AI-Assisted Fingerprint Attendance System\docs\Dup","Screenshot 2026-07-07 115652.png",".png","9191"
"C:\Users\EnforcerX\Downloads\Arduino-IDE - Project\AI-Assisted Fingerprint Attendance System\docs\Dup\Screenshot 2026-07-09 100704.png","C:\Users\EnforcerX\Downloads\Arduino-IDE - Project\AI-Assisted Fingerprint Attendance System\docs\Dup","Screenshot 2026-07-09 100704.png",".png","44236"
"C:\Users\EnforcerX\Downloads\Arduino-IDE - Project\AI-Assisted Fingerprint Attendance System\docs\Dup\Screenshot 2026-07-09 100715.png","C:\Users\EnforcerX\Downloads\Arduino-IDE - Project\AI-Assisted Fingerprint Attendance System\docs\Dup","Screenshot 2026-07-09 100715.png",".png","49169"
"C:\Users\EnforcerX\Downloads\Arduino-IDE - Project\AI-Assisted Fingerprint Attendance System\docs\Dup\Screenshot 2026-07-09 105323.png","C:\Users\EnforcerX\Downloads\Arduino-IDE - Project\AI-Assisted Fingerprint Attendance System\docs\Dup","Screenshot 2026-07-09 105323.png",".png","45944"
"C:\Users\EnforcerX\Downloads\Arduino-IDE - Project\AI-Assisted Fingerprint Attendance System\docs\Dup\Screenshot 2026-07-09 105336.png","C:\Users\EnforcerX\Downloads\Arduino-IDE - Project\AI-Assisted Fingerprint Attendance System\docs\Dup","Screenshot 2026-07-09 105336.png",".png","53340"
"C:\Users\EnforcerX\Downloads\Arduino-IDE - Project\AI-Assisted Fingerprint Attendance System\docs\Dup\Screenshot 2026-07-09 110908.png","C:\Users\EnforcerX\Downloads\Arduino-IDE - Project\AI-Assisted Fingerprint Attendance System\docs\Dup","Screenshot 2026-07-09 110908.png",".png","17377"
"C:\Users\EnforcerX\Downloads\Arduino-IDE - Project\AI-Assisted Fingerprint Attendance System\docs\Dup\Screenshot 2026-07-09 110920.png","C:\Users\EnforcerX\Downloads\Arduino-IDE - Project\AI-Assisted Fingerprint Attendance System\docs\Dup","Screenshot 2026-07-09 110920.png",".png","13627"
"C:\Users\EnforcerX\Downloads\Arduino-IDE - Project\AI-Assisted Fingerprint Attendance System\docs\Dup\Screenshot 2026-07-09 112000.png","C:\Users\EnforcerX\Downloads\Arduino-IDE - Project\AI-Assisted Fingerprint Attendance System\docs\Dup","Screenshot 2026-07-09 112000.png",".png","12282"
"C:\Users\EnforcerX\Downloads\Arduino-IDE - Project\AI-Assisted Fingerprint Attendance System\docs\Dup\Screenshot 2026-07-09 112005.png","C:\Users\EnforcerX\Downloads\Arduino-IDE - Project\AI-Assisted Fingerprint Attendance System\docs\Dup","Screenshot 2026-07-09 112005.png",".png","14065"
"C:\Users\EnforcerX\Downloads\Arduino-IDE - Project\AI-Assisted Fingerprint Attendance System\docs\Dup\Screenshot 2026-07-09 112404.png","C:\Users\EnforcerX\Downloads\Arduino-IDE - Project\AI-Assisted Fingerprint Attendance System\docs\Dup","Screenshot 2026-07-09 112404.png",".png","14760"
"C:\Users\EnforcerX\Downloads\Arduino-IDE - Project\AI-Assisted Fingerprint Attendance System\docs\Dup\Screenshot 2026-07-09 112418.png","C:\Users\EnforcerX\Downloads\Arduino-IDE - Project\AI-Assisted Fingerprint Attendance System\docs\Dup","Screenshot 2026-07-09 112418.png",".png","28895"
"C:\Users\EnforcerX\Downloads\Arduino-IDE - Project\AI-Assisted Fingerprint Attendance System\docs\Dup\Screenshot 2026-07-09 112429.png","C:\Users\EnforcerX\Downloads\Arduino-IDE - Project\AI-Assisted Fingerprint Attendance System\docs\Dup","Screenshot 2026-07-09 112429.png",".png","13715"
"C:\Users\EnforcerX\Downloads\Arduino-IDE - Project\AI-Assisted Fingerprint Attendance System\docs\Dup\Screenshot 2026-07-09 114535.png","C:\Users\EnforcerX\Downloads\Arduino-IDE - Project\AI-Assisted Fingerprint Attendance System\docs\Dup","Screenshot 2026-07-09 114535.png",".png","15519"
"C:\Users\EnforcerX\Downloads\Arduino-IDE - Project\AI-Assisted Fingerprint Attendance System\docs\Dup\Screenshot 2026-07-09 114605.png","C:\Users\EnforcerX\Downloads\Arduino-IDE - Project\AI-Assisted Fingerprint Attendance System\docs\Dup","Screenshot 2026-07-09 114605.png",".png","20473"
"C:\Users\EnforcerX\Downloads\Arduino-IDE - Project\AI-Assisted Fingerprint Attendance System\docs\Dup\Screenshot 2026-07-10 214543.png","C:\Users\EnforcerX\Downloads\Arduino-IDE - Project\AI-Assisted Fingerprint Attendance System\docs\Dup","Screenshot 2026-07-10 214543.png",".png","47627"
"C:\Users\EnforcerX\Downloads\Arduino-IDE - Project\AI-Assisted Fingerprint Attendance System\docs\Dup\Screenshot 2026-07-10 215042.png","C:\Users\EnforcerX\Downloads\Arduino-IDE - Project\AI-Assisted Fingerprint Attendance System\docs\Dup","Screenshot 2026-07-10 215042.png",".png","16513"
"C:\Users\EnforcerX\Downloads\Arduino-IDE - Project\AI-Assisted Fingerprint Attendance System\docs\Dup\Screenshot 2026-07-10 220330.png","C:\Users\EnforcerX\Downloads\Arduino-IDE - Project\AI-Assisted Fingerprint Attendance System\docs\Dup","Screenshot 2026-07-10 220330.png",".png","63003"
"C:\Users\EnforcerX\Downloads\Arduino-IDE - Project\AI-Assisted Fingerprint Attendance System\docs\Dup\Screenshot 2026-07-10 232720.png","C:\Users\EnforcerX\Downloads\Arduino-IDE - Project\AI-Assisted Fingerprint Attendance System\docs\Dup","Screenshot 2026-07-10 232720.png",".png","9912"
"C:\Users\EnforcerX\Downloads\Arduino-IDE - Project\AI-Assisted Fingerprint Attendance System\docs\Dup\Screenshot 2026-07-11 152238.png","C:\Users\EnforcerX\Downloads\Arduino-IDE - Project\AI-Assisted Fingerprint Attendance System\docs\Dup","Screenshot 2026-07-11 152238.png",".png","45706"
"C:\Users\EnforcerX\Downloads\Arduino-IDE - Project\AI-Assisted Fingerprint Attendance System\docs\Dup\Screenshot 2026-07-11 152253.png","C:\Users\EnforcerX\Downloads\Arduino-IDE - Project\AI-Assisted Fingerprint Attendance System\docs\Dup","Screenshot 2026-07-11 152253.png",".png","54190"
"C:\Users\EnforcerX\Downloads\Arduino-IDE - Project\AI-Assisted Fingerprint Attendance System\docs\Dup\Screenshot 2026-07-11 152306.png","C:\Users\EnforcerX\Downloads\Arduino-IDE - Project\AI-Assisted Fingerprint Attendance System\docs\Dup","Screenshot 2026-07-11 152306.png",".png","59895"
"C:\Users\EnforcerX\Downloads\Arduino-IDE - Project\AI-Assisted Fingerprint Attendance System\docs\Dup\Screenshot 2026-07-11 153843.png","C:\Users\EnforcerX\Downloads\Arduino-IDE - Project\AI-Assisted Fingerprint Attendance System\docs\Dup","Screenshot 2026-07-11 153843.png",".png","48132"
"C:\Users\EnforcerX\Downloads\Arduino-IDE - Project\AI-Assisted Fingerprint Attendance System\docs\Dup\Screenshot 2026-07-11 153854.png","C:\Users\EnforcerX\Downloads\Arduino-IDE - Project\AI-Assisted Fingerprint Attendance System\docs\Dup","Screenshot 2026-07-11 153854.png",".png","56745"
"C:\Users\EnforcerX\Downloads\Arduino-IDE - Project\AI-Assisted Fingerprint Attendance System\docs\Dup\Screenshot 2026-07-11 153906.png","C:\Users\EnforcerX\Downloads\Arduino-IDE - Project\AI-Assisted Fingerprint Attendance System\docs\Dup","Screenshot 2026-07-11 153906.png",".png","62636"
"C:\Users\EnforcerX\Downloads\Arduino-IDE - Project\AI-Assisted Fingerprint Attendance System\docs\Dup\Screenshot 2026-07-11 154023.png","C:\Users\EnforcerX\Downloads\Arduino-IDE - Project\AI-Assisted Fingerprint Attendance System\docs\Dup","Screenshot 2026-07-11 154023.png",".png","94652"
"C:\Users\EnforcerX\Downloads\Arduino-IDE - Project\AI-Assisted Fingerprint Attendance System\docs\Dup\Screenshot 2026-07-11 154039.png","C:\Users\EnforcerX\Downloads\Arduino-IDE - Project\AI-Assisted Fingerprint Attendance System\docs\Dup","Screenshot 2026-07-11 154039.png",".png","97377"
"C:\Users\EnforcerX\Downloads\Arduino-IDE - Project\AI-Assisted Fingerprint Attendance System\docs\Dup\Screenshot 2026-07-11 154112.png","C:\Users\EnforcerX\Downloads\Arduino-IDE - Project\AI-Assisted Fingerprint Attendance System\docs\Dup","Screenshot 2026-07-11 154112.png",".png","96354"
"C:\Users\EnforcerX\Downloads\Arduino-IDE - Project\AI-Assisted Fingerprint Attendance System\docs\Dup\Screenshot 2026-07-11 155637.png","C:\Users\EnforcerX\Downloads\Arduino-IDE - Project\AI-Assisted Fingerprint Attendance System\docs\Dup","Screenshot 2026-07-11 155637.png",".png","37469"
"C:\Users\EnforcerX\Downloads\Arduino-IDE - Project\AI-Assisted Fingerprint Attendance System\docs\Dup\Screenshot 2026-07-11 160813.png","C:\Users\EnforcerX\Downloads\Arduino-IDE - Project\AI-Assisted Fingerprint Attendance System\docs\Dup","Screenshot 2026-07-11 160813.png",".png","39514"
"C:\Users\EnforcerX\Downloads\Arduino-IDE - Project\AI-Assisted Fingerprint Attendance System\docs\Dup\Screenshot 2026-07-11 162210.png","C:\Users\EnforcerX\Downloads\Arduino-IDE - Project\AI-Assisted Fingerprint Attendance System\docs\Dup","Screenshot 2026-07-11 162210.png",".png","21392"
"C:\Users\EnforcerX\Downloads\Arduino-IDE - Project\AI-Assisted Fingerprint Attendance System\docs\Dup\Screenshot 2026-07-11 164352.png","C:\Users\EnforcerX\Downloads\Arduino-IDE - Project\AI-Assisted Fingerprint Attendance System\docs\Dup","Screenshot 2026-07-11 164352.png",".png","83624"
"C:\Users\EnforcerX\Downloads\Arduino-IDE - Project\AI-Assisted Fingerprint Attendance System\docs\Dup\Screenshot 2026-07-11 165632.png","C:\Users\EnforcerX\Downloads\Arduino-IDE - Project\AI-Assisted Fingerprint Attendance System\docs\Dup","Screenshot 2026-07-11 165632.png",".png","76929"
"C:\Users\EnforcerX\Downloads\Arduino-IDE - Project\AI-Assisted Fingerprint Attendance System\docs\Dup\Screenshot 2026-07-11 170510.png","C:\Users\EnforcerX\Downloads\Arduino-IDE - Project\AI-Assisted Fingerprint Attendance System\docs\Dup","Screenshot 2026-07-11 170510.png",".png","107079"
"C:\Users\EnforcerX\Downloads\Arduino-IDE - Project\AI-Assisted Fingerprint Attendance System\docs\Dup\Screenshot 2026-07-11 170645.png","C:\Users\EnforcerX\Downloads\Arduino-IDE - Project\AI-Assisted Fingerprint Attendance System\docs\Dup","Screenshot 2026-07-11 170645.png",".png","109557"
"C:\Users\EnforcerX\Downloads\Arduino-IDE - Project\AI-Assisted Fingerprint Attendance System\docs\Dup\Screenshot 2026-07-11 171727.png","C:\Users\EnforcerX\Downloads\Arduino-IDE - Project\AI-Assisted Fingerprint Attendance System\docs\Dup","Screenshot 2026-07-11 171727.png",".png","8939"
"C:\Users\EnforcerX\Downloads\Arduino-IDE - Project\AI-Assisted Fingerprint Attendance System\docs\Dup\Screenshot 2026-07-11 172350.png","C:\Users\EnforcerX\Downloads\Arduino-IDE - Project\AI-Assisted Fingerprint Attendance System\docs\Dup","Screenshot 2026-07-11 172350.png",".png","115204"
"C:\Users\EnforcerX\Downloads\Arduino-IDE - Project\AI-Assisted Fingerprint Attendance System\docs\Dup\Screenshot 2026-07-11 174110.png","C:\Users\EnforcerX\Downloads\Arduino-IDE - Project\AI-Assisted Fingerprint Attendance System\docs\Dup","Screenshot 2026-07-11 174110.png",".png","24739"
"C:\Users\EnforcerX\Downloads\Arduino-IDE - Project\AI-Assisted Fingerprint Attendance System\docs\Dup\Screenshot 2026-07-11 180655.png","C:\Users\EnforcerX\Downloads\Arduino-IDE - Project\AI-Assisted Fingerprint Attendance System\docs\Dup","Screenshot 2026-07-11 180655.png",".png","115180"
"C:\Users\EnforcerX\Downloads\Arduino-IDE - Project\AI-Assisted Fingerprint Attendance System\docs\Dup\Screenshot 2026-07-15 010934.png","C:\Users\EnforcerX\Downloads\Arduino-IDE - Project\AI-Assisted Fingerprint Attendance System\docs\Dup","Screenshot 2026-07-15 010934.png",".png","31560"
"C:\Users\EnforcerX\Downloads\Arduino-IDE - Project\AI-Assisted Fingerprint Attendance System\docs\Dup\Screenshot 2026-07-15 222402.png","C:\Users\EnforcerX\Downloads\Arduino-IDE - Project\AI-Assisted Fingerprint Attendance System\docs\Dup","Screenshot 2026-07-15 222402.png",".png","37862"
"C:\Users\EnforcerX\Downloads\Arduino-IDE - Project\AI-Assisted Fingerprint Attendance System\docs\Dup\Screenshot 2026-07-15 223644.png","C:\Users\EnforcerX\Downloads\Arduino-IDE - Project\AI-Assisted Fingerprint Attendance System\docs\Dup","Screenshot 2026-07-15 223644.png",".png","11255"
"C:\Users\EnforcerX\Downloads\Arduino-IDE - Project\AI-Assisted Fingerprint Attendance System\docs\Dup\Screenshot 2026-07-17 212727.png","C:\Users\EnforcerX\Downloads\Arduino-IDE - Project\AI-Assisted Fingerprint Attendance System\docs\Dup","Screenshot 2026-07-17 212727.png",".png","32293"
"C:\Users\EnforcerX\Downloads\Arduino-IDE - Project\AI-Assisted Fingerprint Attendance System\docs\Dup\Screenshot 2026-07-17 212755.png","C:\Users\EnforcerX\Downloads\Arduino-IDE - Project\AI-Assisted Fingerprint Attendance System\docs\Dup","Screenshot 2026-07-17 212755.png",".png","30544"
"C:\Users\EnforcerX\Downloads\Arduino-IDE - Project\AI-Assisted Fingerprint Attendance System\docs\Dup\Screenshot 2026-07-17 214906.png","C:\Users\EnforcerX\Downloads\Arduino-IDE - Project\AI-Assisted Fingerprint Attendance System\docs\Dup","Screenshot 2026-07-17 214906.png",".png","214837"
"C:\Users\EnforcerX\Downloads\Arduino-IDE - Project\AI-Assisted Fingerprint Attendance System\docs\Dup\Screenshot 2026-07-17 224630.png","C:\Users\EnforcerX\Downloads\Arduino-IDE - Project\AI-Assisted Fingerprint Attendance System\docs\Dup","Screenshot 2026-07-17 224630.png",".png","5577"
"C:\Users\EnforcerX\Downloads\Arduino-IDE - Project\AI-Assisted Fingerprint Attendance System\docs\Dup\Screenshot 2026-07-17 224647.png","C:\Users\EnforcerX\Downloads\Arduino-IDE - Project\AI-Assisted Fingerprint Attendance System\docs\Dup","Screenshot 2026-07-17 224647.png",".png","5715"
"C:\Users\EnforcerX\Downloads\Arduino-IDE - Project\AI-Assisted Fingerprint Attendance System\docs\Dup\Screenshot 2026-07-18 160017.png","C:\Users\EnforcerX\Downloads\Arduino-IDE - Project\AI-Assisted Fingerprint Attendance System\docs\Dup","Screenshot 2026-07-18 160017.png",".png","5418"
"C:\Users\EnforcerX\Downloads\Arduino-IDE - Project\AI-Assisted Fingerprint Attendance System\docs\Dup\Screenshot 2026-07-18 165041.png","C:\Users\EnforcerX\Downloads\Arduino-IDE - Project\AI-Assisted Fingerprint Attendance System\docs\Dup","Screenshot 2026-07-18 165041.png",".png","30594"
"C:\Users\EnforcerX\Downloads\Arduino-IDE - Project\AI-Assisted Fingerprint Attendance System\docs\Dup\Screenshot 2026-07-18 172152.png","C:\Users\EnforcerX\Downloads\Arduino-IDE - Project\AI-Assisted Fingerprint Attendance System\docs\Dup","Screenshot 2026-07-18 172152.png",".png","106216"
"C:\Users\EnforcerX\Downloads\Arduino-IDE - Project\AI-Assisted Fingerprint Attendance System\docs\Dup\Screenshot 2026-07-18 172505.png","C:\Users\EnforcerX\Downloads\Arduino-IDE - Project\AI-Assisted Fingerprint Attendance System\docs\Dup","Screenshot 2026-07-18 172505.png",".png","88242"
"C:\Users\EnforcerX\Downloads\Arduino-IDE - Project\AI-Assisted Fingerprint Attendance System\docs\Dup\Screenshot 2026-07-27 234936.png","C:\Users\EnforcerX\Downloads\Arduino-IDE - Project\AI-Assisted Fingerprint Attendance System\docs\Dup","Screenshot 2026-07-27 234936.png",".png","119353"
"C:\Users\EnforcerX\Downloads\Arduino-IDE - Project\AI-Assisted Fingerprint Attendance System\docs\Dup\Screenshot 2026-07-28 011958.png","C:\Users\EnforcerX\Downloads\Arduino-IDE - Project\AI-Assisted Fingerprint Attendance System\docs\Dup","Screenshot 2026-07-28 011958.png",".png","21221"
"C:\Users\EnforcerX\Downloads\Arduino-IDE - Project\AI-Assisted Fingerprint Attendance System\docs\Dup\Screenshot 2026-07-28 012003.png","C:\Users\EnforcerX\Downloads\Arduino-IDE - Project\AI-Assisted Fingerprint Attendance System\docs\Dup","Screenshot 2026-07-28 012003.png",".png","22398"
"C:\Users\EnforcerX\Downloads\Arduino-IDE - Project\AI-Assisted Fingerprint Attendance System\docs\Dup\Screenshot 2026-07-28 105634.png","C:\Users\EnforcerX\Downloads\Arduino-IDE - Project\AI-Assisted Fingerprint Attendance System\docs\Dup","Screenshot 2026-07-28 105634.png",".png","435600"
"C:\Users\EnforcerX\Downloads\Arduino-IDE - Project\AI-Assisted Fingerprint Attendance System\docs\Dup\Screenshot 2026-07-28 105734.png","C:\Users\EnforcerX\Downloads\Arduino-IDE - Project\AI-Assisted Fingerprint Attendance System\docs\Dup","Screenshot 2026-07-28 105734.png",".png","1705621"
"C:\Users\EnforcerX\Downloads\Arduino-IDE - Project\AI-Assisted Fingerprint Attendance System\docs\Dup\Screenshot 2026-07-28 105738.png","C:\Users\EnforcerX\Downloads\Arduino-IDE - Project\AI-Assisted Fingerprint Attendance System\docs\Dup","Screenshot 2026-07-28 105738.png",".png","1303477"
"C:\Users\EnforcerX\Downloads\Arduino-IDE - Project\AI-Assisted Fingerprint Attendance System\docs\Dup\Screenshot 2026-07-28 203957.png","C:\Users\EnforcerX\Downloads\Arduino-IDE - Project\AI-Assisted Fingerprint Attendance System\docs\Dup","Screenshot 2026-07-28 203957.png",".png","129649"
"C:\Users\EnforcerX\Downloads\Arduino-IDE - Project\AI-Assisted Fingerprint Attendance System\docs\Dup\Screenshot 2026-07-28 204208.png","C:\Users\EnforcerX\Downloads\Arduino-IDE - Project\AI-Assisted Fingerprint Attendance System\docs\Dup","Screenshot 2026-07-28 204208.png",".png","48557"
"C:\Users\EnforcerX\Downloads\Arduino-IDE - Project\AI-Assisted Fingerprint Attendance System\docs\Dup\Screenshot 2026-07-28 204900.png","C:\Users\EnforcerX\Downloads\Arduino-IDE - Project\AI-Assisted Fingerprint Attendance System\docs\Dup","Screenshot 2026-07-28 204900.png",".png","134244"
"C:\Users\EnforcerX\Downloads\Arduino-IDE - Project\AI-Assisted Fingerprint Attendance System\docs\Dup\Screenshot 2026-07-28 210133.png","C:\Users\EnforcerX\Downloads\Arduino-IDE - Project\AI-Assisted Fingerprint Attendance System\docs\Dup","Screenshot 2026-07-28 210133.png",".png","17989"
"C:\Users\EnforcerX\Downloads\Arduino-IDE - Project\AI-Assisted Fingerprint Attendance System\docs\Dup\Screenshot 2026-07-28 210639.png","C:\Users\EnforcerX\Downloads\Arduino-IDE - Project\AI-Assisted Fingerprint Attendance System\docs\Dup","Screenshot 2026-07-28 210639.png",".png","52457"
"C:\Users\EnforcerX\Downloads\Arduino-IDE - Project\AI-Assisted Fingerprint Attendance System\docs\Dup\Screenshot 2026-07-28 210930.png","C:\Users\EnforcerX\Downloads\Arduino-IDE - Project\AI-Assisted Fingerprint Attendance System\docs\Dup","Screenshot 2026-07-28 210930.png",".png","13573"
"C:\Users\EnforcerX\Downloads\Arduino-IDE - Project\AI-Assisted Fingerprint Attendance System\docs\Dup\Screenshot 2026-07-28 213952.png","C:\Users\EnforcerX\Downloads\Arduino-IDE - Project\AI-Assisted Fingerprint Attendance System\docs\Dup","Screenshot 2026-07-28 213952.png",".png","39022"
"C:\Users\EnforcerX\Downloads\Arduino-IDE - Project\AI-Assisted Fingerprint Attendance System\docs\Dup\Screenshot 2026-07-28 213958.png","C:\Users\EnforcerX\Downloads\Arduino-IDE - Project\AI-Assisted Fingerprint Attendance System\docs\Dup","Screenshot 2026-07-28 213958.png",".png","32356"
"C:\Users\EnforcerX\Downloads\Arduino-IDE - Project\AI-Assisted Fingerprint Attendance System\docs\Dup\Screenshot 2026-07-28 214016.png","C:\Users\EnforcerX\Downloads\Arduino-IDE - Project\AI-Assisted Fingerprint Attendance System\docs\Dup","Screenshot 2026-07-28 214016.png",".png","34037"
"C:\Users\EnforcerX\Downloads\Arduino-IDE - Project\AI-Assisted Fingerprint Attendance System\docs\Dup\Screenshot 2026-07-28 214024.png","C:\Users\EnforcerX\Downloads\Arduino-IDE - Project\AI-Assisted Fingerprint Attendance System\docs\Dup","Screenshot 2026-07-28 214024.png",".png","6976"
"C:\Users\EnforcerX\Downloads\Arduino-IDE - Project\AI-Assisted Fingerprint Attendance System\docs\Dup\Screenshot 2026-07-28 214043.png","C:\Users\EnforcerX\Downloads\Arduino-IDE - Project\AI-Assisted Fingerprint Attendance System\docs\Dup","Screenshot 2026-07-28 214043.png",".png","15503"
"C:\Users\EnforcerX\Downloads\Arduino-IDE - Project\AI-Assisted Fingerprint Attendance System\docs\Dup\Screenshot 2026-07-28 215446.png","C:\Users\EnforcerX\Downloads\Arduino-IDE - Project\AI-Assisted Fingerprint Attendance System\docs\Dup","Screenshot 2026-07-28 215446.png",".png","45271"
"C:\Users\EnforcerX\Downloads\Arduino-IDE - Project\AI-Assisted Fingerprint Attendance System\docs\Dup\Screenshot 2026-08-03 004656.png","C:\Users\EnforcerX\Downloads\Arduino-IDE - Project\AI-Assisted Fingerprint Attendance System\docs\Dup","Screenshot 2026-08-03 004656.png",".png","58879"
"C:\Users\EnforcerX\Downloads\Arduino-IDE - Project\AI-Assisted Fingerprint Attendance System\docs\Dup\Screenshot 2026-08-04 161808.png","C:\Users\EnforcerX\Downloads\Arduino-IDE - Project\AI-Assisted Fingerprint Attendance System\docs\Dup","Screenshot 2026-08-04 161808.png",".png","164514"
"C:\Users\EnforcerX\Downloads\Arduino-IDE - Project\AI-Assisted Fingerprint Attendance System\docs\Dup\Screenshot 2026-08-04 161844.png","C:\Users\EnforcerX\Downloads\Arduino-IDE - Project\AI-Assisted Fingerprint Attendance System\docs\Dup","Screenshot 2026-08-04 161844.png",".png","68847"
"C:\Users\EnforcerX\Downloads\Arduino-IDE - Project\AI-Assisted Fingerprint Attendance System\docs\Dup\Screenshot 2026-08-04 164121.png","C:\Users\EnforcerX\Downloads\Arduino-IDE - Project\AI-Assisted Fingerprint Attendance System\docs\Dup","Screenshot 2026-08-04 164121.png",".png","39751"
"C:\Users\EnforcerX\Downloads\Arduino-IDE - Project\AI-Assisted Fingerprint Attendance System\docs\Dup\Screenshot 2026-08-04 164132.png","C:\Users\EnforcerX\Downloads\Arduino-IDE - Project\AI-Assisted Fingerprint Attendance System\docs\Dup","Screenshot 2026-08-04 164132.png",".png","37635"
"C:\Users\EnforcerX\Downloads\Arduino-IDE - Project\AI-Assisted Fingerprint Attendance System\docs\Dup\Screenshot 2026-08-04 170626.png","C:\Users\EnforcerX\Downloads\Arduino-IDE - Project\AI-Assisted Fingerprint Attendance System\docs\Dup","Screenshot 2026-08-04 170626.png",".png","2128"
"C:\Users\EnforcerX\Downloads\Arduino-IDE - Project\AI-Assisted Fingerprint Attendance System\docs\Dup\Screenshot 2026-08-04 180035.png","C:\Users\EnforcerX\Downloads\Arduino-IDE - Project\AI-Assisted Fingerprint Attendance System\docs\Dup","Screenshot 2026-08-04 180035.png",".png","18855"
"C:\Users\EnforcerX\Downloads\Arduino-IDE - Project\AI-Assisted Fingerprint Attendance System\docs\Dup\Screenshot 2026-08-04 185908.png","C:\Users\EnforcerX\Downloads\Arduino-IDE - Project\AI-Assisted Fingerprint Attendance System\docs\Dup","Screenshot 2026-08-04 185908.png",".png","322863"
"C:\Users\EnforcerX\Downloads\Arduino-IDE - Project\AI-Assisted Fingerprint Attendance System\docs\Dup\Screenshot 2026-08-04 215128.png","C:\Users\EnforcerX\Downloads\Arduino-IDE - Project\AI-Assisted Fingerprint Attendance System\docs\Dup","Screenshot 2026-08-04 215128.png",".png","290866"
"C:\Users\EnforcerX\Downloads\Arduino-IDE - Project\AI-Assisted Fingerprint Attendance System\docs\Dup\Screenshot 2026-08-04 215156.png","C:\Users\EnforcerX\Downloads\Arduino-IDE - Project\AI-Assisted Fingerprint Attendance System\docs\Dup","Screenshot 2026-08-04 215156.png",".png","67400"
"C:\Users\EnforcerX\Downloads\Arduino-IDE - Project\AI-Assisted Fingerprint Attendance System\docs\generated\ARCHITECTURE.md","C:\Users\EnforcerX\Downloads\Arduino-IDE - Project\AI-Assisted Fingerprint Attendance System\docs\generated","ARCHITECTURE.md",".md","3763"
"C:\Users\EnforcerX\Downloads\Arduino-IDE - Project\AI-Assisted Fingerprint Attendance System\docs\generated\DATABASE.md","C:\Users\EnforcerX\Downloads\Arduino-IDE - Project\AI-Assisted Fingerprint Attendance System\docs\generated","DATABASE.md",".md","2040"
"C:\Users\EnforcerX\Downloads\Arduino-IDE - Project\AI-Assisted Fingerprint Attendance System\docs\generated\FILE_INVENTORY.md","C:\Users\EnforcerX\Downloads\Arduino-IDE - Project\AI-Assisted Fingerprint Attendance System\docs\generated","FILE_INVENTORY.md",".md","14046"
"C:\Users\EnforcerX\Downloads\Arduino-IDE - Project\AI-Assisted Fingerprint Attendance System\docs\generated\FIRMWARE.md","C:\Users\EnforcerX\Downloads\Arduino-IDE - Project\AI-Assisted Fingerprint Attendance System\docs\generated","FIRMWARE.md",".md","2476"
"C:\Users\EnforcerX\Downloads\Arduino-IDE - Project\AI-Assisted Fingerprint Attendance System\docs\generated\GUI.md","C:\Users\EnforcerX\Downloads\Arduino-IDE - Project\AI-Assisted Fingerprint Attendance System\docs\generated","GUI.md",".md","2479"
"C:\Users\EnforcerX\Downloads\Arduino-IDE - Project\AI-Assisted Fingerprint Attendance System\docs\generated\INDEX.md","C:\Users\EnforcerX\Downloads\Arduino-IDE - Project\AI-Assisted Fingerprint Attendance System\docs\generated","INDEX.md",".md","962"
"C:\Users\EnforcerX\Downloads\Arduino-IDE - Project\AI-Assisted Fingerprint Attendance System\docs\generated\PROJECT_OVERVIEW.md","C:\Users\EnforcerX\Downloads\Arduino-IDE - Project\AI-Assisted Fingerprint Attendance System\docs\generated","PROJECT_OVERVIEW.md",".md","2896"
"C:\Users\EnforcerX\Downloads\Arduino-IDE - Project\AI-Assisted Fingerprint Attendance System\docs\generated\REPOSITORY_AUDIT.md","C:\Users\EnforcerX\Downloads\Arduino-IDE - Project\AI-Assisted Fingerprint Attendance System\docs\generated","REPOSITORY_AUDIT.md",".md","1832"
"C:\Users\EnforcerX\Downloads\Arduino-IDE - Project\AI-Assisted Fingerprint Attendance System\docs\generated\SERIAL_PROTOCOL.md","C:\Users\EnforcerX\Downloads\Arduino-IDE - Project\AI-Assisted Fingerprint Attendance System\docs\generated","SERIAL_PROTOCOL.md",".md","2695"
"C:\Users\EnforcerX\Downloads\Arduino-IDE - Project\AI-Assisted Fingerprint Attendance System\docs\generated\TESTING.md","C:\Users\EnforcerX\Downloads\Arduino-IDE - Project\AI-Assisted Fingerprint Attendance System\docs\generated","TESTING.md",".md","1623"
"C:\Users\EnforcerX\Downloads\Arduino-IDE - Project\AI-Assisted Fingerprint Attendance System\docs\Hardware\hardware-connections.md","C:\Users\EnforcerX\Downloads\Arduino-IDE - Project\AI-Assisted Fingerprint Attendance System\docs\Hardware","hardware-connections.md",".md","1608"
"C:\Users\EnforcerX\Downloads\Arduino-IDE - Project\AI-Assisted Fingerprint Attendance System\docs\Hardware\images\IMG20260630233940.jpg","C:\Users\EnforcerX\Downloads\Arduino-IDE - Project\AI-Assisted Fingerprint Attendance System\docs\Hardware\images","IMG20260630233940.jpg",".jpg","3081773"
"C:\Users\EnforcerX\Downloads\Arduino-IDE - Project\AI-Assisted Fingerprint Attendance System\docs\Hardware\images\IMG20260630233946.jpg","C:\Users\EnforcerX\Downloads\Arduino-IDE - Project\AI-Assisted Fingerprint Attendance System\docs\Hardware\images","IMG20260630233946.jpg",".jpg","2857630"
"C:\Users\EnforcerX\Downloads\Arduino-IDE - Project\AI-Assisted Fingerprint Attendance System\docs\Hardware\images\IMG20260630233949.jpg","C:\Users\EnforcerX\Downloads\Arduino-IDE - Project\AI-Assisted Fingerprint Attendance System\docs\Hardware\images","IMG20260630233949.jpg",".jpg","2732558"
"C:\Users\EnforcerX\Downloads\Arduino-IDE - Project\AI-Assisted Fingerprint Attendance System\docs\Hardware\images\IMG20260630235111.jpg","C:\Users\EnforcerX\Downloads\Arduino-IDE - Project\AI-Assisted Fingerprint Attendance System\docs\Hardware\images","IMG20260630235111.jpg",".jpg","3061213"
"C:\Users\EnforcerX\Downloads\Arduino-IDE - Project\AI-Assisted Fingerprint Attendance System\docs\Hardware\images\IMG20260630235113.jpg","C:\Users\EnforcerX\Downloads\Arduino-IDE - Project\AI-Assisted Fingerprint Attendance System\docs\Hardware\images","IMG20260630235113.jpg",".jpg","2838321"
"C:\Users\EnforcerX\Downloads\Arduino-IDE - Project\AI-Assisted Fingerprint Attendance System\docs\Hardware\images\IMG20260630235115.jpg","C:\Users\EnforcerX\Downloads\Arduino-IDE - Project\AI-Assisted Fingerprint Attendance System\docs\Hardware\images","IMG20260630235115.jpg",".jpg","2739115"
"C:\Users\EnforcerX\Downloads\Arduino-IDE - Project\AI-Assisted Fingerprint Attendance System\docs\Hardware\images\IMG20260630235122.jpg","C:\Users\EnforcerX\Downloads\Arduino-IDE - Project\AI-Assisted Fingerprint Attendance System\docs\Hardware\images","IMG20260630235122.jpg",".jpg","3537282"
"C:\Users\EnforcerX\Downloads\Arduino-IDE - Project\AI-Assisted Fingerprint Attendance System\docs\Hardware\images\IMG20260630235124.jpg","C:\Users\EnforcerX\Downloads\Arduino-IDE - Project\AI-Assisted Fingerprint Attendance System\docs\Hardware\images","IMG20260630235124.jpg",".jpg","2920689"
"C:\Users\EnforcerX\Downloads\Arduino-IDE - Project\AI-Assisted Fingerprint Attendance System\docs\Hardware\images\IMG20260630235318.jpg","C:\Users\EnforcerX\Downloads\Arduino-IDE - Project\AI-Assisted Fingerprint Attendance System\docs\Hardware\images","IMG20260630235318.jpg",".jpg","2711202"
"C:\Users\EnforcerX\Downloads\Arduino-IDE - Project\AI-Assisted Fingerprint Attendance System\docs\Hardware\images\IMG20260701000304.jpg","C:\Users\EnforcerX\Downloads\Arduino-IDE - Project\AI-Assisted Fingerprint Attendance System\docs\Hardware\images","IMG20260701000304.jpg",".jpg","2503923"
"C:\Users\EnforcerX\Downloads\Arduino-IDE - Project\AI-Assisted Fingerprint Attendance System\docs\Hardware\images\IMG20260701000309.jpg","C:\Users\EnforcerX\Downloads\Arduino-IDE - Project\AI-Assisted Fingerprint Attendance System\docs\Hardware\images","IMG20260701000309.jpg",".jpg","2927834"
"C:\Users\EnforcerX\Downloads\Arduino-IDE - Project\AI-Assisted Fingerprint Attendance System\docs\Hardware\images\IMG20260701000315.jpg","C:\Users\EnforcerX\Downloads\Arduino-IDE - Project\AI-Assisted Fingerprint Attendance System\docs\Hardware\images","IMG20260701000315.jpg",".jpg","2034510"
"C:\Users\EnforcerX\Downloads\Arduino-IDE - Project\AI-Assisted Fingerprint Attendance System\docs\Hardware\images\IMG20260701000319.jpg","C:\Users\EnforcerX\Downloads\Arduino-IDE - Project\AI-Assisted Fingerprint Attendance System\docs\Hardware\images","IMG20260701000319.jpg",".jpg","1849571"
"C:\Users\EnforcerX\Downloads\Arduino-IDE - Project\AI-Assisted Fingerprint Attendance System\docs\Hardware\images\IMG20260701000326.jpg","C:\Users\EnforcerX\Downloads\Arduino-IDE - Project\AI-Assisted Fingerprint Attendance System\docs\Hardware\images","IMG20260701000326.jpg",".jpg","2010041"
"C:\Users\EnforcerX\Downloads\Arduino-IDE - Project\AI-Assisted Fingerprint Attendance System\docs\Hardware\images\IMG20260701000328.jpg","C:\Users\EnforcerX\Downloads\Arduino-IDE - Project\AI-Assisted Fingerprint Attendance System\docs\Hardware\images","IMG20260701000328.jpg",".jpg","2297100"
"C:\Users\EnforcerX\Downloads\Arduino-IDE - Project\AI-Assisted Fingerprint Attendance System\docs\Hardware\images\IMG20260701010721.jpg","C:\Users\EnforcerX\Downloads\Arduino-IDE - Project\AI-Assisted Fingerprint Attendance System\docs\Hardware\images","IMG20260701010721.jpg",".jpg","2864615"
"C:\Users\EnforcerX\Downloads\Arduino-IDE - Project\AI-Assisted Fingerprint Attendance System\docs\Hardware\images\IMG20260701010726.jpg","C:\Users\EnforcerX\Downloads\Arduino-IDE - Project\AI-Assisted Fingerprint Attendance System\docs\Hardware\images","IMG20260701010726.jpg",".jpg","3189102"
"C:\Users\EnforcerX\Downloads\Arduino-IDE - Project\AI-Assisted Fingerprint Attendance System\docs\Hardware\images\IMG20260701010735.jpg","C:\Users\EnforcerX\Downloads\Arduino-IDE - Project\AI-Assisted Fingerprint Attendance System\docs\Hardware\images","IMG20260701010735.jpg",".jpg","4542174"
"C:\Users\EnforcerX\Downloads\Arduino-IDE - Project\AI-Assisted Fingerprint Attendance System\docs\Hardware\wiring.md","C:\Users\EnforcerX\Downloads\Arduino-IDE - Project\AI-Assisted Fingerprint Attendance System\docs\Hardware","wiring.md",".md","246"
"C:\Users\EnforcerX\Downloads\Arduino-IDE - Project\AI-Assisted Fingerprint Attendance System\docs\INDEX.md","C:\Users\EnforcerX\Downloads\Arduino-IDE - Project\AI-Assisted Fingerprint Attendance System\docs","INDEX.md",".md","1790"
"C:\Users\EnforcerX\Downloads\Arduino-IDE - Project\AI-Assisted Fingerprint Attendance System\docs\maintenance\PROJECT_ORGANIZATIONAL_AUDIT.md","C:\Users\EnforcerX\Downloads\Arduino-IDE - Project\AI-Assisted Fingerprint Attendance System\docs\maintenance","PROJECT_ORGANIZATIONAL_AUDIT.md",".md","6254"
"C:\Users\EnforcerX\Downloads\Arduino-IDE - Project\AI-Assisted Fingerprint Attendance System\docs\notes.txt","C:\Users\EnforcerX\Downloads\Arduino-IDE - Project\AI-Assisted Fingerprint Attendance System\docs","notes.txt",".txt","24452"
"C:\Users\EnforcerX\Downloads\Arduino-IDE - Project\AI-Assisted Fingerprint Attendance System\docs\README.md","C:\Users\EnforcerX\Downloads\Arduino-IDE - Project\AI-Assisted Fingerprint Attendance System\docs","README.md",".md","1237"
"C:\Users\EnforcerX\Downloads\Arduino-IDE - Project\AI-Assisted Fingerprint Attendance System\docs\UserGuide\images\Screenshot 2026-06-27 182256.png","C:\Users\EnforcerX\Downloads\Arduino-IDE - Project\AI-Assisted Fingerprint Attendance System\docs\UserGuide\images","Screenshot 2026-06-27 182256.png",".png","15907"
"C:\Users\EnforcerX\Downloads\Arduino-IDE - Project\AI-Assisted Fingerprint Attendance System\docs\UserGuide\images\Screenshot 2026-06-29 232644.png","C:\Users\EnforcerX\Downloads\Arduino-IDE - Project\AI-Assisted Fingerprint Attendance System\docs\UserGuide\images","Screenshot 2026-06-29 232644.png",".png","43299"
"C:\Users\EnforcerX\Downloads\Arduino-IDE - Project\AI-Assisted Fingerprint Attendance System\docs\UserGuide\images\Screenshot 2026-06-29 233641.png","C:\Users\EnforcerX\Downloads\Arduino-IDE - Project\AI-Assisted Fingerprint Attendance System\docs\UserGuide\images","Screenshot 2026-06-29 233641.png",".png","413027"
"C:\Users\EnforcerX\Downloads\Arduino-IDE - Project\AI-Assisted Fingerprint Attendance System\docs\UserGuide\images\Screenshot 2026-06-30 115359.png","C:\Users\EnforcerX\Downloads\Arduino-IDE - Project\AI-Assisted Fingerprint Attendance System\docs\UserGuide\images","Screenshot 2026-06-30 115359.png",".png","289513"
"C:\Users\EnforcerX\Downloads\Arduino-IDE - Project\AI-Assisted Fingerprint Attendance System\docs\UserGuide\images\Screenshot 2026-06-30 115404.png","C:\Users\EnforcerX\Downloads\Arduino-IDE - Project\AI-Assisted Fingerprint Attendance System\docs\UserGuide\images","Screenshot 2026-06-30 115404.png",".png","185220"
"C:\Users\EnforcerX\Downloads\Arduino-IDE - Project\AI-Assisted Fingerprint Attendance System\docs\UserGuide\images\Screenshot 2026-06-30 190312.png","C:\Users\EnforcerX\Downloads\Arduino-IDE - Project\AI-Assisted Fingerprint Attendance System\docs\UserGuide\images","Screenshot 2026-06-30 190312.png",".png","298550"
"C:\Users\EnforcerX\Downloads\Arduino-IDE - Project\AI-Assisted Fingerprint Attendance System\docs\UserGuide\images\Screenshot 2026-06-30 193423.png","C:\Users\EnforcerX\Downloads\Arduino-IDE - Project\AI-Assisted Fingerprint Attendance System\docs\UserGuide\images","Screenshot 2026-06-30 193423.png",".png","6979"
"C:\Users\EnforcerX\Downloads\Arduino-IDE - Project\AI-Assisted Fingerprint Attendance System\docs\UserGuide\images\Screenshot 2026-06-30 193928.png","C:\Users\EnforcerX\Downloads\Arduino-IDE - Project\AI-Assisted Fingerprint Attendance System\docs\UserGuide\images","Screenshot 2026-06-30 193928.png",".png","6610"
"C:\Users\EnforcerX\Downloads\Arduino-IDE - Project\AI-Assisted Fingerprint Attendance System\docs\UserGuide\images\Screenshot 2026-06-30 194343.png","C:\Users\EnforcerX\Downloads\Arduino-IDE - Project\AI-Assisted Fingerprint Attendance System\docs\UserGuide\images","Screenshot 2026-06-30 194343.png",".png","7483"
"C:\Users\EnforcerX\Downloads\Arduino-IDE - Project\AI-Assisted Fingerprint Attendance System\docs\UserGuide\images\Screenshot 2026-06-30 194530.png","C:\Users\EnforcerX\Downloads\Arduino-IDE - Project\AI-Assisted Fingerprint Attendance System\docs\UserGuide\images","Screenshot 2026-06-30 194530.png",".png","76485"
"C:\Users\EnforcerX\Downloads\Arduino-IDE - Project\AI-Assisted Fingerprint Attendance System\docs\UserGuide\images\Screenshot 2026-06-30 195210.png","C:\Users\EnforcerX\Downloads\Arduino-IDE - Project\AI-Assisted Fingerprint Attendance System\docs\UserGuide\images","Screenshot 2026-06-30 195210.png",".png","392574"
"C:\Users\EnforcerX\Downloads\Arduino-IDE - Project\AI-Assisted Fingerprint Attendance System\docs\UserGuide\images\Screenshot 2026-06-30 200710.png","C:\Users\EnforcerX\Downloads\Arduino-IDE - Project\AI-Assisted Fingerprint Attendance System\docs\UserGuide\images","Screenshot 2026-06-30 200710.png",".png","441784"
"C:\Users\EnforcerX\Downloads\Arduino-IDE - Project\AI-Assisted Fingerprint Attendance System\docs\UserGuide\images\Screenshot 2026-06-30 201634.png","C:\Users\EnforcerX\Downloads\Arduino-IDE - Project\AI-Assisted Fingerprint Attendance System\docs\UserGuide\images","Screenshot 2026-06-30 201634.png",".png","205967"
"C:\Users\EnforcerX\Downloads\Arduino-IDE - Project\AI-Assisted Fingerprint Attendance System\docs\UserGuide\images\Screenshot 2026-06-30 204935.png","C:\Users\EnforcerX\Downloads\Arduino-IDE - Project\AI-Assisted Fingerprint Attendance System\docs\UserGuide\images","Screenshot 2026-06-30 204935.png",".png","459915"
"C:\Users\EnforcerX\Downloads\Arduino-IDE - Project\AI-Assisted Fingerprint Attendance System\docs\UserGuide\images\Screenshot 2026-06-30 205811.png","C:\Users\EnforcerX\Downloads\Arduino-IDE - Project\AI-Assisted Fingerprint Attendance System\docs\UserGuide\images","Screenshot 2026-06-30 205811.png",".png","12905"
"C:\Users\EnforcerX\Downloads\Arduino-IDE - Project\AI-Assisted Fingerprint Attendance System\docs\UserGuide\images\Screenshot 2026-06-30 205826.png","C:\Users\EnforcerX\Downloads\Arduino-IDE - Project\AI-Assisted Fingerprint Attendance System\docs\UserGuide\images","Screenshot 2026-06-30 205826.png",".png","5217"
"C:\Users\EnforcerX\Downloads\Arduino-IDE - Project\AI-Assisted Fingerprint Attendance System\docs\UserGuide\images\Screenshot 2026-06-30 212105.png","C:\Users\EnforcerX\Downloads\Arduino-IDE - Project\AI-Assisted Fingerprint Attendance System\docs\UserGuide\images","Screenshot 2026-06-30 212105.png",".png","219523"
"C:\Users\EnforcerX\Downloads\Arduino-IDE - Project\AI-Assisted Fingerprint Attendance System\docs\UserGuide\images\Screenshot 2026-06-30 213207.png","C:\Users\EnforcerX\Downloads\Arduino-IDE - Project\AI-Assisted Fingerprint Attendance System\docs\UserGuide\images","Screenshot 2026-06-30 213207.png",".png","115640"
"C:\Users\EnforcerX\Downloads\Arduino-IDE - Project\AI-Assisted Fingerprint Attendance System\docs\UserGuide\images\Screenshot 2026-06-30 214250.png","C:\Users\EnforcerX\Downloads\Arduino-IDE - Project\AI-Assisted Fingerprint Attendance System\docs\UserGuide\images","Screenshot 2026-06-30 214250.png",".png","104812"
"C:\Users\EnforcerX\Downloads\Arduino-IDE - Project\AI-Assisted Fingerprint Attendance System\docs\UserGuide\images\Screenshot 2026-06-30 223351.png","C:\Users\EnforcerX\Downloads\Arduino-IDE - Project\AI-Assisted Fingerprint Attendance System\docs\UserGuide\images","Screenshot 2026-06-30 223351.png",".png","303975"
"C:\Users\EnforcerX\Downloads\Arduino-IDE - Project\AI-Assisted Fingerprint Attendance System\docs\UserGuide\images\Screenshot 2026-06-30 230553.png","C:\Users\EnforcerX\Downloads\Arduino-IDE - Project\AI-Assisted Fingerprint Attendance System\docs\UserGuide\images","Screenshot 2026-06-30 230553.png",".png","265949"
"C:\Users\EnforcerX\Downloads\Arduino-IDE - Project\AI-Assisted Fingerprint Attendance System\docs\UserGuide\images\Screenshot 2026-06-30 230614.png","C:\Users\EnforcerX\Downloads\Arduino-IDE - Project\AI-Assisted Fingerprint Attendance System\docs\UserGuide\images","Screenshot 2026-06-30 230614.png",".png","409849"
"C:\Users\EnforcerX\Downloads\Arduino-IDE - Project\AI-Assisted Fingerprint Attendance System\docs\UserGuide\images\Screenshot 2026-06-30 231636.png","C:\Users\EnforcerX\Downloads\Arduino-IDE - Project\AI-Assisted Fingerprint Attendance System\docs\UserGuide\images","Screenshot 2026-06-30 231636.png",".png","813029"
"C:\Users\EnforcerX\Downloads\Arduino-IDE - Project\AI-Assisted Fingerprint Attendance System\docs\UserGuide\images\Screenshot 2026-06-30 234700.png","C:\Users\EnforcerX\Downloads\Arduino-IDE - Project\AI-Assisted Fingerprint Attendance System\docs\UserGuide\images","Screenshot 2026-06-30 234700.png",".png","25417"
"C:\Users\EnforcerX\Downloads\Arduino-IDE - Project\AI-Assisted Fingerprint Attendance System\docs\UserGuide\images\Screenshot 2026-07-01 215932.png","C:\Users\EnforcerX\Downloads\Arduino-IDE - Project\AI-Assisted Fingerprint Attendance System\docs\UserGuide\images","Screenshot 2026-07-01 215932.png",".png","10647"
"C:\Users\EnforcerX\Downloads\Arduino-IDE - Project\AI-Assisted Fingerprint Attendance System\docs\UserGuide\images\Screenshot 2026-07-01 220522.png","C:\Users\EnforcerX\Downloads\Arduino-IDE - Project\AI-Assisted Fingerprint Attendance System\docs\UserGuide\images","Screenshot 2026-07-01 220522.png",".png","262485"
"C:\Users\EnforcerX\Downloads\Arduino-IDE - Project\AI-Assisted Fingerprint Attendance System\docs\UserGuide\images\Screenshot 2026-07-01 220725.png","C:\Users\EnforcerX\Downloads\Arduino-IDE - Project\AI-Assisted Fingerprint Attendance System\docs\UserGuide\images","Screenshot 2026-07-01 220725.png",".png","5307"
"C:\Users\EnforcerX\Downloads\Arduino-IDE - Project\AI-Assisted Fingerprint Attendance System\docs\UserGuide\images\Screenshot 2026-07-01 222527.png","C:\Users\EnforcerX\Downloads\Arduino-IDE - Project\AI-Assisted Fingerprint Attendance System\docs\UserGuide\images","Screenshot 2026-07-01 222527.png",".png","20774"
"C:\Users\EnforcerX\Downloads\Arduino-IDE - Project\AI-Assisted Fingerprint Attendance System\docs\UserGuide\images\Screenshot 2026-07-01 222624.png","C:\Users\EnforcerX\Downloads\Arduino-IDE - Project\AI-Assisted Fingerprint Attendance System\docs\UserGuide\images","Screenshot 2026-07-01 222624.png",".png","328333"
"C:\Users\EnforcerX\Downloads\Arduino-IDE - Project\AI-Assisted Fingerprint Attendance System\docs\UserGuide\images\Screenshot 2026-07-01 223020.png","C:\Users\EnforcerX\Downloads\Arduino-IDE - Project\AI-Assisted Fingerprint Attendance System\docs\UserGuide\images","Screenshot 2026-07-01 223020.png",".png","10841"
"C:\Users\EnforcerX\Downloads\Arduino-IDE - Project\AI-Assisted Fingerprint Attendance System\docs\UserGuide\images\Screenshot 2026-07-02 000130.png","C:\Users\EnforcerX\Downloads\Arduino-IDE - Project\AI-Assisted Fingerprint Attendance System\docs\UserGuide\images","Screenshot 2026-07-02 000130.png",".png","3590"
"C:\Users\EnforcerX\Downloads\Arduino-IDE - Project\AI-Assisted Fingerprint Attendance System\docs\UserGuide\images\Screenshot 2026-07-02 213944.png","C:\Users\EnforcerX\Downloads\Arduino-IDE - Project\AI-Assisted Fingerprint Attendance System\docs\UserGuide\images","Screenshot 2026-07-02 213944.png",".png","30473"
"C:\Users\EnforcerX\Downloads\Arduino-IDE - Project\AI-Assisted Fingerprint Attendance System\docs\UserGuide\images\Screenshot 2026-07-02 215347.png","C:\Users\EnforcerX\Downloads\Arduino-IDE - Project\AI-Assisted Fingerprint Attendance System\docs\UserGuide\images","Screenshot 2026-07-02 215347.png",".png","2500"
"C:\Users\EnforcerX\Downloads\Arduino-IDE - Project\AI-Assisted Fingerprint Attendance System\docs\UserGuide\images\Screenshot 2026-07-02 215354.png","C:\Users\EnforcerX\Downloads\Arduino-IDE - Project\AI-Assisted Fingerprint Attendance System\docs\UserGuide\images","Screenshot 2026-07-02 215354.png",".png","15944"
"C:\Users\EnforcerX\Downloads\Arduino-IDE - Project\AI-Assisted Fingerprint Attendance System\docs\UserGuide\images\Screenshot 2026-07-03 122804.png","C:\Users\EnforcerX\Downloads\Arduino-IDE - Project\AI-Assisted Fingerprint Attendance System\docs\UserGuide\images","Screenshot 2026-07-03 122804.png",".png","34919"
"C:\Users\EnforcerX\Downloads\Arduino-IDE - Project\AI-Assisted Fingerprint Attendance System\docs\UserGuide\images\Screenshot 2026-07-04 010505.png","C:\Users\EnforcerX\Downloads\Arduino-IDE - Project\AI-Assisted Fingerprint Attendance System\docs\UserGuide\images","Screenshot 2026-07-04 010505.png",".png","20342"
"C:\Users\EnforcerX\Downloads\Arduino-IDE - Project\AI-Assisted Fingerprint Attendance System\docs\UserGuide\images\Screenshot 2026-07-04 025719.png","C:\Users\EnforcerX\Downloads\Arduino-IDE - Project\AI-Assisted Fingerprint Attendance System\docs\UserGuide\images","Screenshot 2026-07-04 025719.png",".png","1116"
"C:\Users\EnforcerX\Downloads\Arduino-IDE - Project\AI-Assisted Fingerprint Attendance System\docs\UserGuide\images\Screenshot 2026-07-04 025743.png","C:\Users\EnforcerX\Downloads\Arduino-IDE - Project\AI-Assisted Fingerprint Attendance System\docs\UserGuide\images","Screenshot 2026-07-04 025743.png",".png","11947"
"C:\Users\EnforcerX\Downloads\Arduino-IDE - Project\AI-Assisted Fingerprint Attendance System\docs\UserGuide\images\Screenshot 2026-07-04 025834.png","C:\Users\EnforcerX\Downloads\Arduino-IDE - Project\AI-Assisted Fingerprint Attendance System\docs\UserGuide\images","Screenshot 2026-07-04 025834.png",".png","29480"
"C:\Users\EnforcerX\Downloads\Arduino-IDE - Project\AI-Assisted Fingerprint Attendance System\docs\UserGuide\images\Screenshot 2026-07-04 030024.png","C:\Users\EnforcerX\Downloads\Arduino-IDE - Project\AI-Assisted Fingerprint Attendance System\docs\UserGuide\images","Screenshot 2026-07-04 030024.png",".png","2395"
"C:\Users\EnforcerX\Downloads\Arduino-IDE - Project\AI-Assisted Fingerprint Attendance System\docs\UserGuide\images\Screenshot 2026-07-04 030032.png","C:\Users\EnforcerX\Downloads\Arduino-IDE - Project\AI-Assisted Fingerprint Attendance System\docs\UserGuide\images","Screenshot 2026-07-04 030032.png",".png","3676"
"C:\Users\EnforcerX\Downloads\Arduino-IDE - Project\AI-Assisted Fingerprint Attendance System\docs\UserGuide\images\Screenshot 2026-07-04 030115.png","C:\Users\EnforcerX\Downloads\Arduino-IDE - Project\AI-Assisted Fingerprint Attendance System\docs\UserGuide\images","Screenshot 2026-07-04 030115.png",".png","8166"
"C:\Users\EnforcerX\Downloads\Arduino-IDE - Project\AI-Assisted Fingerprint Attendance System\docs\UserGuide\images\Screenshot 2026-07-04 031323.png","C:\Users\EnforcerX\Downloads\Arduino-IDE - Project\AI-Assisted Fingerprint Attendance System\docs\UserGuide\images","Screenshot 2026-07-04 031323.png",".png","13766"
"C:\Users\EnforcerX\Downloads\Arduino-IDE - Project\AI-Assisted Fingerprint Attendance System\docs\UserGuide\images\Screenshot 2026-07-04 031534.png","C:\Users\EnforcerX\Downloads\Arduino-IDE - Project\AI-Assisted Fingerprint Attendance System\docs\UserGuide\images","Screenshot 2026-07-04 031534.png",".png","4954"
"C:\Users\EnforcerX\Downloads\Arduino-IDE - Project\AI-Assisted Fingerprint Attendance System\docs\UserGuide\images\Screenshot 2026-07-04 035208.png","C:\Users\EnforcerX\Downloads\Arduino-IDE - Project\AI-Assisted Fingerprint Attendance System\docs\UserGuide\images","Screenshot 2026-07-04 035208.png",".png","83536"
"C:\Users\EnforcerX\Downloads\Arduino-IDE - Project\AI-Assisted Fingerprint Attendance System\docs\UserGuide\images\Screenshot 2026-07-04 221654.png","C:\Users\EnforcerX\Downloads\Arduino-IDE - Project\AI-Assisted Fingerprint Attendance System\docs\UserGuide\images","Screenshot 2026-07-04 221654.png",".png","10698"
"C:\Users\EnforcerX\Downloads\Arduino-IDE - Project\AI-Assisted Fingerprint Attendance System\docs\UserGuide\images\Screenshot 2026-07-04 221905.png","C:\Users\EnforcerX\Downloads\Arduino-IDE - Project\AI-Assisted Fingerprint Attendance System\docs\UserGuide\images","Screenshot 2026-07-04 221905.png",".png","1989"
"C:\Users\EnforcerX\Downloads\Arduino-IDE - Project\AI-Assisted Fingerprint Attendance System\docs\UserGuide\images\Screenshot 2026-07-04 222938.png","C:\Users\EnforcerX\Downloads\Arduino-IDE - Project\AI-Assisted Fingerprint Attendance System\docs\UserGuide\images","Screenshot 2026-07-04 222938.png",".png","1317"
"C:\Users\EnforcerX\Downloads\Arduino-IDE - Project\AI-Assisted Fingerprint Attendance System\docs\UserGuide\images\Screenshot 2026-07-04 230533.png","C:\Users\EnforcerX\Downloads\Arduino-IDE - Project\AI-Assisted Fingerprint Attendance System\docs\UserGuide\images","Screenshot 2026-07-04 230533.png",".png","10270"
"C:\Users\EnforcerX\Downloads\Arduino-IDE - Project\AI-Assisted Fingerprint Attendance System\docs\UserGuide\images\Screenshot 2026-07-05 172750.png","C:\Users\EnforcerX\Downloads\Arduino-IDE - Project\AI-Assisted Fingerprint Attendance System\docs\UserGuide\images","Screenshot 2026-07-05 172750.png",".png","59933"
"C:\Users\EnforcerX\Downloads\Arduino-IDE - Project\AI-Assisted Fingerprint Attendance System\docs\UserGuide\images\Screenshot 2026-07-05 172808.png","C:\Users\EnforcerX\Downloads\Arduino-IDE - Project\AI-Assisted Fingerprint Attendance System\docs\UserGuide\images","Screenshot 2026-07-05 172808.png",".png","28411"
"C:\Users\EnforcerX\Downloads\Arduino-IDE - Project\AI-Assisted Fingerprint Attendance System\docs\UserGuide\images\Screenshot 2026-07-05 172824.png","C:\Users\EnforcerX\Downloads\Arduino-IDE - Project\AI-Assisted Fingerprint Attendance System\docs\UserGuide\images","Screenshot 2026-07-05 172824.png",".png","5244"
"C:\Users\EnforcerX\Downloads\Arduino-IDE - Project\AI-Assisted Fingerprint Attendance System\docs\UserGuide\images\Screenshot 2026-07-05 181406.png","C:\Users\EnforcerX\Downloads\Arduino-IDE - Project\AI-Assisted Fingerprint Attendance System\docs\UserGuide\images","Screenshot 2026-07-05 181406.png",".png","33310"
"C:\Users\EnforcerX\Downloads\Arduino-IDE - Project\AI-Assisted Fingerprint Attendance System\docs\UserGuide\images\Screenshot 2026-07-05 181409.png","C:\Users\EnforcerX\Downloads\Arduino-IDE - Project\AI-Assisted Fingerprint Attendance System\docs\UserGuide\images","Screenshot 2026-07-05 181409.png",".png","24468"
"C:\Users\EnforcerX\Downloads\Arduino-IDE - Project\AI-Assisted Fingerprint Attendance System\docs\UserGuide\images\Screenshot 2026-07-05 181414.png","C:\Users\EnforcerX\Downloads\Arduino-IDE - Project\AI-Assisted Fingerprint Attendance System\docs\UserGuide\images","Screenshot 2026-07-05 181414.png",".png","20950"
"C:\Users\EnforcerX\Downloads\Arduino-IDE - Project\AI-Assisted Fingerprint Attendance System\docs\UserGuide\images\Screenshot 2026-07-05 182045.png","C:\Users\EnforcerX\Downloads\Arduino-IDE - Project\AI-Assisted Fingerprint Attendance System\docs\UserGuide\images","Screenshot 2026-07-05 182045.png",".png","947970"
"C:\Users\EnforcerX\Downloads\Arduino-IDE - Project\AI-Assisted Fingerprint Attendance System\docs\UserGuide\images\Screenshot 2026-07-05 191105.png","C:\Users\EnforcerX\Downloads\Arduino-IDE - Project\AI-Assisted Fingerprint Attendance System\docs\UserGuide\images","Screenshot 2026-07-05 191105.png",".png","5515"
"C:\Users\EnforcerX\Downloads\Arduino-IDE - Project\AI-Assisted Fingerprint Attendance System\docs\UserGuide\images\Screenshot 2026-07-05 201039.png","C:\Users\EnforcerX\Downloads\Arduino-IDE - Project\AI-Assisted Fingerprint Attendance System\docs\UserGuide\images","Screenshot 2026-07-05 201039.png",".png","42365"
"C:\Users\EnforcerX\Downloads\Arduino-IDE - Project\AI-Assisted Fingerprint Attendance System\docs\UserGuide\images\Screenshot 2026-07-06 215013.png","C:\Users\EnforcerX\Downloads\Arduino-IDE - Project\AI-Assisted Fingerprint Attendance System\docs\UserGuide\images","Screenshot 2026-07-06 215013.png",".png","245984"
"C:\Users\EnforcerX\Downloads\Arduino-IDE - Project\AI-Assisted Fingerprint Attendance System\docs\UserGuide\images\Screenshot 2026-07-06 220200.png","C:\Users\EnforcerX\Downloads\Arduino-IDE - Project\AI-Assisted Fingerprint Attendance System\docs\UserGuide\images","Screenshot 2026-07-06 220200.png",".png","6365"
"C:\Users\EnforcerX\Downloads\Arduino-IDE - Project\AI-Assisted Fingerprint Attendance System\docs\UserGuide\images\Screenshot 2026-07-06 220415.png","C:\Users\EnforcerX\Downloads\Arduino-IDE - Project\AI-Assisted Fingerprint Attendance System\docs\UserGuide\images","Screenshot 2026-07-06 220415.png",".png","12202"
"C:\Users\EnforcerX\Downloads\Arduino-IDE - Project\AI-Assisted Fingerprint Attendance System\docs\UserGuide\images\Screenshot 2026-07-06 220426.png","C:\Users\EnforcerX\Downloads\Arduino-IDE - Project\AI-Assisted Fingerprint Attendance System\docs\UserGuide\images","Screenshot 2026-07-06 220426.png",".png","12847"
"C:\Users\EnforcerX\Downloads\Arduino-IDE - Project\AI-Assisted Fingerprint Attendance System\docs\UserGuide\installation-guide.md","C:\Users\EnforcerX\Downloads\Arduino-IDE - Project\AI-Assisted Fingerprint Attendance System\docs\UserGuide","installation-guide.md",".md","10055"
"C:\Users\EnforcerX\Downloads\Arduino-IDE - Project\AI-Assisted Fingerprint Attendance System\docs\UserGuide\project-overview.md","C:\Users\EnforcerX\Downloads\Arduino-IDE - Project\AI-Assisted Fingerprint Attendance System\docs\UserGuide","project-overview.md",".md","6174"
"C:\Users\EnforcerX\Downloads\Arduino-IDE - Project\AI-Assisted Fingerprint Attendance System\docs\UserGuide\testing-results.md","C:\Users\EnforcerX\Downloads\Arduino-IDE - Project\AI-Assisted Fingerprint Attendance System\docs\UserGuide","testing-results.md",".md","1680"
"C:\Users\EnforcerX\Downloads\Arduino-IDE - Project\AI-Assisted Fingerprint Attendance System\firmware\attendance\attendance.ino","C:\Users\EnforcerX\Downloads\Arduino-IDE - Project\AI-Assisted Fingerprint Attendance System\firmware\attendance","attendance.ino",".ino","3590"
"C:\Users\EnforcerX\Downloads\Arduino-IDE - Project\AI-Assisted Fingerprint Attendance System\firmware\delete\delete.ino","C:\Users\EnforcerX\Downloads\Arduino-IDE - Project\AI-Assisted Fingerprint Attendance System\firmware\delete","delete.ino",".ino","3262"
"C:\Users\EnforcerX\Downloads\Arduino-IDE - Project\AI-Assisted Fingerprint Attendance System\firmware\enroll\enroll.ino","C:\Users\EnforcerX\Downloads\Arduino-IDE - Project\AI-Assisted Fingerprint Attendance System\firmware\enroll","enroll.ino",".ino","6085"
"C:\Users\EnforcerX\Downloads\Arduino-IDE - Project\AI-Assisted Fingerprint Attendance System\firmware\ESP32_Fingerprint_AllInOne\ESP32_Fingerprint_AllInOne.ino","C:\Users\EnforcerX\Downloads\Arduino-IDE - Project\AI-Assisted Fingerprint Attendance System\firmware\ESP32_Fingerprint_AllInOne","ESP32_Fingerprint_AllInOne.ino",".ino","24880"
"C:\Users\EnforcerX\Downloads\Arduino-IDE - Project\AI-Assisted Fingerprint Attendance System\firmware\prebuilt\attendance_v1.0.bin","C:\Users\EnforcerX\Downloads\Arduino-IDE - Project\AI-Assisted Fingerprint Attendance System\firmware\prebuilt","attendance_v1.0.bin",".bin","17"
"C:\Users\EnforcerX\Downloads\Arduino-IDE - Project\AI-Assisted Fingerprint Attendance System\firmware\test\fingerprint_check\fingerprint_check.ino","C:\Users\EnforcerX\Downloads\Arduino-IDE - Project\AI-Assisted Fingerprint Attendance System\firmware\test\fingerprint_check","fingerprint_check.ino",".ino","6845"
"C:\Users\EnforcerX\Downloads\Arduino-IDE - Project\AI-Assisted Fingerprint Attendance System\generated\PROJECT_FORENSIC_AUDIT.md","C:\Users\EnforcerX\Downloads\Arduino-IDE - Project\AI-Assisted Fingerprint Attendance System\generated","PROJECT_FORENSIC_AUDIT.md",".md","50738"
"C:\Users\EnforcerX\Downloads\Arduino-IDE - Project\AI-Assisted Fingerprint Attendance System\install_requirements.bat","C:\Users\EnforcerX\Downloads\Arduino-IDE - Project\AI-Assisted Fingerprint Attendance System","install_requirements.bat",".bat","693"
"C:\Users\EnforcerX\Downloads\Arduino-IDE - Project\AI-Assisted Fingerprint Attendance System\INSTALLATION.md","C:\Users\EnforcerX\Downloads\Arduino-IDE - Project\AI-Assisted Fingerprint Attendance System","INSTALLATION.md",".md","1569"
"C:\Users\EnforcerX\Downloads\Arduino-IDE - Project\AI-Assisted Fingerprint Attendance System\LICENSE","C:\Users\EnforcerX\Downloads\Arduino-IDE - Project\AI-Assisted Fingerprint Attendance System","LICENSE","","1093"
"C:\Users\EnforcerX\Downloads\Arduino-IDE - Project\AI-Assisted Fingerprint Attendance System\list_files.bat","C:\Users\EnforcerX\Downloads\Arduino-IDE - Project\AI-Assisted Fingerprint Attendance System","list_files.bat",".bat","421"
"C:\Users\EnforcerX\Downloads\Arduino-IDE - Project\AI-Assisted Fingerprint Attendance System\list.txt","C:\Users\EnforcerX\Downloads\Arduino-IDE - Project\AI-Assisted Fingerprint Attendance System","list.txt",".txt","232662"
"C:\Users\EnforcerX\Downloads\Arduino-IDE - Project\AI-Assisted Fingerprint Attendance System\PORTABLE_BUILD.md","C:\Users\EnforcerX\Downloads\Arduino-IDE - Project\AI-Assisted Fingerprint Attendance System","PORTABLE_BUILD.md",".md","1172"
"C:\Users\EnforcerX\Downloads\Arduino-IDE - Project\AI-Assisted Fingerprint Attendance System\pytest.ini","C:\Users\EnforcerX\Downloads\Arduino-IDE - Project\AI-Assisted Fingerprint Attendance System","pytest.ini",".ini","131"
"C:\Users\EnforcerX\Downloads\Arduino-IDE - Project\AI-Assisted Fingerprint Attendance System\python\__init__.py","C:\Users\EnforcerX\Downloads\Arduino-IDE - Project\AI-Assisted Fingerprint Attendance System\python","__init__.py",".py","61"
"C:\Users\EnforcerX\Downloads\Arduino-IDE - Project\AI-Assisted Fingerprint Attendance System\python\config.py","C:\Users\EnforcerX\Downloads\Arduino-IDE - Project\AI-Assisted Fingerprint Attendance System\python","config.py",".py","10948"
"C:\Users\EnforcerX\Downloads\Arduino-IDE - Project\AI-Assisted Fingerprint Attendance System\python\core\__init__.py","C:\Users\EnforcerX\Downloads\Arduino-IDE - Project\AI-Assisted Fingerprint Attendance System\python\core","__init__.py",".py","248"
"C:\Users\EnforcerX\Downloads\Arduino-IDE - Project\AI-Assisted Fingerprint Attendance System\python\core\attendance.py","C:\Users\EnforcerX\Downloads\Arduino-IDE - Project\AI-Assisted Fingerprint Attendance System\python\core","attendance.py",".py","9532"
"C:\Users\EnforcerX\Downloads\Arduino-IDE - Project\AI-Assisted Fingerprint Attendance System\python\core\commands.py","C:\Users\EnforcerX\Downloads\Arduino-IDE - Project\AI-Assisted Fingerprint Attendance System\python\core","commands.py",".py","1715"
"C:\Users\EnforcerX\Downloads\Arduino-IDE - Project\AI-Assisted Fingerprint Attendance System\python\core\database.py","C:\Users\EnforcerX\Downloads\Arduino-IDE - Project\AI-Assisted Fingerprint Attendance System\python\core","database.py",".py","27064"
"C:\Users\EnforcerX\Downloads\Arduino-IDE - Project\AI-Assisted Fingerprint Attendance System\python\core\device_discovery.py","C:\Users\EnforcerX\Downloads\Arduino-IDE - Project\AI-Assisted Fingerprint Attendance System\python\core","device_discovery.py",".py","11873"
"C:\Users\EnforcerX\Downloads\Arduino-IDE - Project\AI-Assisted Fingerprint Attendance System\python\core\firmware_helper.py","C:\Users\EnforcerX\Downloads\Arduino-IDE - Project\AI-Assisted Fingerprint Attendance System\python\core","firmware_helper.py",".py","5424"
"C:\Users\EnforcerX\Downloads\Arduino-IDE - Project\AI-Assisted Fingerprint Attendance System\python\core\logger.py","C:\Users\EnforcerX\Downloads\Arduino-IDE - Project\AI-Assisted Fingerprint Attendance System\python\core","logger.py",".py","6781"
"C:\Users\EnforcerX\Downloads\Arduino-IDE - Project\AI-Assisted Fingerprint Attendance System\python\core\serial_handler.py","C:\Users\EnforcerX\Downloads\Arduino-IDE - Project\AI-Assisted Fingerprint Attendance System\python\core","serial_handler.py",".py","22990"
"C:\Users\EnforcerX\Downloads\Arduino-IDE - Project\AI-Assisted Fingerprint Attendance System\python\core\utils.py","C:\Users\EnforcerX\Downloads\Arduino-IDE - Project\AI-Assisted Fingerprint Attendance System\python\core","utils.py",".py","2645"
"C:\Users\EnforcerX\Downloads\Arduino-IDE - Project\AI-Assisted Fingerprint Attendance System\python\customtkinter.py","C:\Users\EnforcerX\Downloads\Arduino-IDE - Project\AI-Assisted Fingerprint Attendance System\python","customtkinter.py",".py","808"
"C:\Users\EnforcerX\Downloads\Arduino-IDE - Project\AI-Assisted Fingerprint Attendance System\python\gui_qt\__init__.py","C:\Users\EnforcerX\Downloads\Arduino-IDE - Project\AI-Assisted Fingerprint Attendance System\python\gui_qt","__init__.py",".py","0"
"C:\Users\EnforcerX\Downloads\Arduino-IDE - Project\AI-Assisted Fingerprint Attendance System\python\gui_qt\main_qt.py","C:\Users\EnforcerX\Downloads\Arduino-IDE - Project\AI-Assisted Fingerprint Attendance System\python\gui_qt","main_qt.py",".py","3634"
"C:\Users\EnforcerX\Downloads\Arduino-IDE - Project\AI-Assisted Fingerprint Attendance System\python\gui_qt\main_window.py","C:\Users\EnforcerX\Downloads\Arduino-IDE - Project\AI-Assisted Fingerprint Attendance System\python\gui_qt","main_window.py",".py","15445"
"C:\Users\EnforcerX\Downloads\Arduino-IDE - Project\AI-Assisted Fingerprint Attendance System\python\gui_qt\pages\__init__.py","C:\Users\EnforcerX\Downloads\Arduino-IDE - Project\AI-Assisted Fingerprint Attendance System\python\gui_qt\pages","__init__.py",".py","0"
"C:\Users\EnforcerX\Downloads\Arduino-IDE - Project\AI-Assisted Fingerprint Attendance System\python\gui_qt\pages\attendance_page.py","C:\Users\EnforcerX\Downloads\Arduino-IDE - Project\AI-Assisted Fingerprint Attendance System\python\gui_qt\pages","attendance_page.py",".py","3836"
"C:\Users\EnforcerX\Downloads\Arduino-IDE - Project\AI-Assisted Fingerprint Attendance System\python\gui_qt\pages\dashboard_page.py","C:\Users\EnforcerX\Downloads\Arduino-IDE - Project\AI-Assisted Fingerprint Attendance System\python\gui_qt\pages","dashboard_page.py",".py","3257"
"C:\Users\EnforcerX\Downloads\Arduino-IDE - Project\AI-Assisted Fingerprint Attendance System\python\gui_qt\pages\logs_page.py","C:\Users\EnforcerX\Downloads\Arduino-IDE - Project\AI-Assisted Fingerprint Attendance System\python\gui_qt\pages","logs_page.py",".py","8417"
"C:\Users\EnforcerX\Downloads\Arduino-IDE - Project\AI-Assisted Fingerprint Attendance System\python\gui_qt\pages\reports_page.py","C:\Users\EnforcerX\Downloads\Arduino-IDE - Project\AI-Assisted Fingerprint Attendance System\python\gui_qt\pages","reports_page.py",".py","4059"
"C:\Users\EnforcerX\Downloads\Arduino-IDE - Project\AI-Assisted Fingerprint Attendance System\python\gui_qt\pages\settings_page.py","C:\Users\EnforcerX\Downloads\Arduino-IDE - Project\AI-Assisted Fingerprint Attendance System\python\gui_qt\pages","settings_page.py",".py","12001"
"C:\Users\EnforcerX\Downloads\Arduino-IDE - Project\AI-Assisted Fingerprint Attendance System\python\gui_qt\pages\students_page.py","C:\Users\EnforcerX\Downloads\Arduino-IDE - Project\AI-Assisted Fingerprint Attendance System\python\gui_qt\pages","students_page.py",".py","15934"
"C:\Users\EnforcerX\Downloads\Arduino-IDE - Project\AI-Assisted Fingerprint Attendance System\python\gui_qt\theme_light.qss","C:\Users\EnforcerX\Downloads\Arduino-IDE - Project\AI-Assisted Fingerprint Attendance System\python\gui_qt","theme_light.qss",".qss","4167"
"C:\Users\EnforcerX\Downloads\Arduino-IDE - Project\AI-Assisted Fingerprint Attendance System\python\gui_qt\theme.qss","C:\Users\EnforcerX\Downloads\Arduino-IDE - Project\AI-Assisted Fingerprint Attendance System\python\gui_qt","theme.qss",".qss","4508"
"C:\Users\EnforcerX\Downloads\Arduino-IDE - Project\AI-Assisted Fingerprint Attendance System\python\gui_qt\widgets\__init__.py","C:\Users\EnforcerX\Downloads\Arduino-IDE - Project\AI-Assisted Fingerprint Attendance System\python\gui_qt\widgets","__init__.py",".py","0"
"C:\Users\EnforcerX\Downloads\Arduino-IDE - Project\AI-Assisted Fingerprint Attendance System\python\gui_qt\widgets\sidebar.py","C:\Users\EnforcerX\Downloads\Arduino-IDE - Project\AI-Assisted Fingerprint Attendance System\python\gui_qt\widgets","sidebar.py",".py","1542"
"C:\Users\EnforcerX\Downloads\Arduino-IDE - Project\AI-Assisted Fingerprint Attendance System\python\gui_qt\widgets\stat_card.py","C:\Users\EnforcerX\Downloads\Arduino-IDE - Project\AI-Assisted Fingerprint Attendance System\python\gui_qt\widgets","stat_card.py",".py","801"
"C:\Users\EnforcerX\Downloads\Arduino-IDE - Project\AI-Assisted Fingerprint Attendance System\python\gui_qt\workers\__init__.py","C:\Users\EnforcerX\Downloads\Arduino-IDE - Project\AI-Assisted Fingerprint Attendance System\python\gui_qt\workers","__init__.py",".py","0"
"C:\Users\EnforcerX\Downloads\Arduino-IDE - Project\AI-Assisted Fingerprint Attendance System\python\gui_qt\workers\serial_worker.py","C:\Users\EnforcerX\Downloads\Arduino-IDE - Project\AI-Assisted Fingerprint Attendance System\python\gui_qt\workers","serial_worker.py",".py","7916"
"C:\Users\EnforcerX\Downloads\Arduino-IDE - Project\AI-Assisted Fingerprint Attendance System\python\gui\__init__.py","C:\Users\EnforcerX\Downloads\Arduino-IDE - Project\AI-Assisted Fingerprint Attendance System\python\gui","__init__.py",".py","127"
"C:\Users\EnforcerX\Downloads\Arduino-IDE - Project\AI-Assisted Fingerprint Attendance System\python\gui\app.py","C:\Users\EnforcerX\Downloads\Arduino-IDE - Project\AI-Assisted Fingerprint Attendance System\python\gui","app.py",".py","46962"
"C:\Users\EnforcerX\Downloads\Arduino-IDE - Project\AI-Assisted Fingerprint Attendance System\python\gui\attendance_page.py","C:\Users\EnforcerX\Downloads\Arduino-IDE - Project\AI-Assisted Fingerprint Attendance System\python\gui","attendance_page.py",".py","10351"
"C:\Users\EnforcerX\Downloads\Arduino-IDE - Project\AI-Assisted Fingerprint Attendance System\python\gui\dashboard.py","C:\Users\EnforcerX\Downloads\Arduino-IDE - Project\AI-Assisted Fingerprint Attendance System\python\gui","dashboard.py",".py","701"
"C:\Users\EnforcerX\Downloads\Arduino-IDE - Project\AI-Assisted Fingerprint Attendance System\python\gui\dialogs.py","C:\Users\EnforcerX\Downloads\Arduino-IDE - Project\AI-Assisted Fingerprint Attendance System\python\gui","dialogs.py",".py","11505"
"C:\Users\EnforcerX\Downloads\Arduino-IDE - Project\AI-Assisted Fingerprint Attendance System\python\gui\layout_utils.py","C:\Users\EnforcerX\Downloads\Arduino-IDE - Project\AI-Assisted Fingerprint Attendance System\python\gui","layout_utils.py",".py","1857"
"C:\Users\EnforcerX\Downloads\Arduino-IDE - Project\AI-Assisted Fingerprint Attendance System\python\gui\legacy\bfeas_app2.py","C:\Users\EnforcerX\Downloads\Arduino-IDE - Project\AI-Assisted Fingerprint Attendance System\python\gui\legacy","bfeas_app2.py",".py","525"
"C:\Users\EnforcerX\Downloads\Arduino-IDE - Project\AI-Assisted Fingerprint Attendance System\python\gui\legacy\reports_table_page.py","C:\Users\EnforcerX\Downloads\Arduino-IDE - Project\AI-Assisted Fingerprint Attendance System\python\gui\legacy","reports_table_page.py",".py","775"
"C:\Users\EnforcerX\Downloads\Arduino-IDE - Project\AI-Assisted Fingerprint Attendance System\python\gui\log_page.py","C:\Users\EnforcerX\Downloads\Arduino-IDE - Project\AI-Assisted Fingerprint Attendance System\python\gui","log_page.py",".py","1038"
"C:\Users\EnforcerX\Downloads\Arduino-IDE - Project\AI-Assisted Fingerprint Attendance System\python\gui\perf_profiler.py","C:\Users\EnforcerX\Downloads\Arduino-IDE - Project\AI-Assisted Fingerprint Attendance System\python\gui","perf_profiler.py",".py","1494"
"C:\Users\EnforcerX\Downloads\Arduino-IDE - Project\AI-Assisted Fingerprint Attendance System\python\gui\reports_page.py","C:\Users\EnforcerX\Downloads\Arduino-IDE - Project\AI-Assisted Fingerprint Attendance System\python\gui","reports_page.py",".py","5717"
"C:\Users\EnforcerX\Downloads\Arduino-IDE - Project\AI-Assisted Fingerprint Attendance System\python\gui\serial_troubleshooting.py","C:\Users\EnforcerX\Downloads\Arduino-IDE - Project\AI-Assisted Fingerprint Attendance System\python\gui","serial_troubleshooting.py",".py","2091"
"C:\Users\EnforcerX\Downloads\Arduino-IDE - Project\AI-Assisted Fingerprint Attendance System\python\gui\settings_dialog.py","C:\Users\EnforcerX\Downloads\Arduino-IDE - Project\AI-Assisted Fingerprint Attendance System\python\gui","settings_dialog.py",".py","10451"
"C:\Users\EnforcerX\Downloads\Arduino-IDE - Project\AI-Assisted Fingerprint Attendance System\python\gui\settings_page.py","C:\Users\EnforcerX\Downloads\Arduino-IDE - Project\AI-Assisted Fingerprint Attendance System\python\gui","settings_page.py",".py","1503"
"C:\Users\EnforcerX\Downloads\Arduino-IDE - Project\AI-Assisted Fingerprint Attendance System\python\gui\sidebar.py","C:\Users\EnforcerX\Downloads\Arduino-IDE - Project\AI-Assisted Fingerprint Attendance System\python\gui","sidebar.py",".py","8842"
"C:\Users\EnforcerX\Downloads\Arduino-IDE - Project\AI-Assisted Fingerprint Attendance System\python\gui\statistics_page.py","C:\Users\EnforcerX\Downloads\Arduino-IDE - Project\AI-Assisted Fingerprint Attendance System\python\gui","statistics_page.py",".py","5298"
"C:\Users\EnforcerX\Downloads\Arduino-IDE - Project\AI-Assisted Fingerprint Attendance System\python\gui\students_page.py","C:\Users\EnforcerX\Downloads\Arduino-IDE - Project\AI-Assisted Fingerprint Attendance System\python\gui","students_page.py",".py","17222"
"C:\Users\EnforcerX\Downloads\Arduino-IDE - Project\AI-Assisted Fingerprint Attendance System\python\gui\theme.py","C:\Users\EnforcerX\Downloads\Arduino-IDE - Project\AI-Assisted Fingerprint Attendance System\python\gui","theme.py",".py","3413"
"C:\Users\EnforcerX\Downloads\Arduino-IDE - Project\AI-Assisted Fingerprint Attendance System\python\list.txt","C:\Users\EnforcerX\Downloads\Arduino-IDE - Project\AI-Assisted Fingerprint Attendance System\python","list.txt",".txt","5383"
"C:\Users\EnforcerX\Downloads\Arduino-IDE - Project\AI-Assisted Fingerprint Attendance System\python\main.py","C:\Users\EnforcerX\Downloads\Arduino-IDE - Project\AI-Assisted Fingerprint Attendance System\python","main.py",".py","11571"
"C:\Users\EnforcerX\Downloads\Arduino-IDE - Project\AI-Assisted Fingerprint Attendance System\python\non_workflow\fix_emoji.py","C:\Users\EnforcerX\Downloads\Arduino-IDE - Project\AI-Assisted Fingerprint Attendance System\python\non_workflow","fix_emoji.py",".py","428"
"C:\Users\EnforcerX\Downloads\Arduino-IDE - Project\AI-Assisted Fingerprint Attendance System\python\non_workflow\main_window.py","C:\Users\EnforcerX\Downloads\Arduino-IDE - Project\AI-Assisted Fingerprint Attendance System\python\non_workflow","main_window.py",".py","232"
"C:\Users\EnforcerX\Downloads\Arduino-IDE - Project\AI-Assisted Fingerprint Attendance System\python\non_workflow\serial.py","C:\Users\EnforcerX\Downloads\Arduino-IDE - Project\AI-Assisted Fingerprint Attendance System\python\non_workflow","serial.py",".py","749"
"C:\Users\EnforcerX\Downloads\Arduino-IDE - Project\AI-Assisted Fingerprint Attendance System\python\non_workflow\widgets.py","C:\Users\EnforcerX\Downloads\Arduino-IDE - Project\AI-Assisted Fingerprint Attendance System\python\non_workflow","widgets.py",".py","1045"
"C:\Users\EnforcerX\Downloads\Arduino-IDE - Project\AI-Assisted Fingerprint Attendance System\python\services\__init__.py","C:\Users\EnforcerX\Downloads\Arduino-IDE - Project\AI-Assisted Fingerprint Attendance System\python\services","__init__.py",".py","48"
"C:\Users\EnforcerX\Downloads\Arduino-IDE - Project\AI-Assisted Fingerprint Attendance System\python\services\attendance_service.py","C:\Users\EnforcerX\Downloads\Arduino-IDE - Project\AI-Assisted Fingerprint Attendance System\python\services","attendance_service.py",".py","523"
"C:\Users\EnforcerX\Downloads\Arduino-IDE - Project\AI-Assisted Fingerprint Attendance System\python\services\student_service.py","C:\Users\EnforcerX\Downloads\Arduino-IDE - Project\AI-Assisted Fingerprint Attendance System\python\services","student_service.py",".py","613"
"C:\Users\EnforcerX\Downloads\Arduino-IDE - Project\AI-Assisted Fingerprint Attendance System\python\settings_store.py","C:\Users\EnforcerX\Downloads\Arduino-IDE - Project\AI-Assisted Fingerprint Attendance System\python","settings_store.py",".py","2986"
"C:\Users\EnforcerX\Downloads\Arduino-IDE - Project\AI-Assisted Fingerprint Attendance System\README.md","C:\Users\EnforcerX\Downloads\Arduino-IDE - Project\AI-Assisted Fingerprint Attendance System","README.md",".md","18486"
"C:\Users\EnforcerX\Downloads\Arduino-IDE - Project\AI-Assisted Fingerprint Attendance System\requirements.txt","C:\Users\EnforcerX\Downloads\Arduino-IDE - Project\AI-Assisted Fingerprint Attendance System","requirements.txt",".txt","443"
"C:\Users\EnforcerX\Downloads\Arduino-IDE - Project\AI-Assisted Fingerprint Attendance System\run_app.bat","C:\Users\EnforcerX\Downloads\Arduino-IDE - Project\AI-Assisted Fingerprint Attendance System","run_app.bat",".bat","626"
"C:\Users\EnforcerX\Downloads\Arduino-IDE - Project\AI-Assisted Fingerprint Attendance System\run_qt_gui.bat","C:\Users\EnforcerX\Downloads\Arduino-IDE - Project\AI-Assisted Fingerprint Attendance System","run_qt_gui.bat",".bat","33"
"C:\Users\EnforcerX\Downloads\Arduino-IDE - Project\AI-Assisted Fingerprint Attendance System\run_qt_gui.py","C:\Users\EnforcerX\Downloads\Arduino-IDE - Project\AI-Assisted Fingerprint Attendance System","run_qt_gui.py",".py","269"
"C:\Users\EnforcerX\Downloads\Arduino-IDE - Project\AI-Assisted Fingerprint Attendance System\tests\app_test.py","C:\Users\EnforcerX\Downloads\Arduino-IDE - Project\AI-Assisted Fingerprint Attendance System\tests","app_test.py",".py","54121"
"C:\Users\EnforcerX\Downloads\Arduino-IDE - Project\AI-Assisted Fingerprint Attendance System\tests\comprehensive_test.py","C:\Users\EnforcerX\Downloads\Arduino-IDE - Project\AI-Assisted Fingerprint Attendance System\tests","comprehensive_test.py",".py","2429"
"C:\Users\EnforcerX\Downloads\Arduino-IDE - Project\AI-Assisted Fingerprint Attendance System\tests\ENHANCED_GUI_GUIDE.txt","C:\Users\EnforcerX\Downloads\Arduino-IDE - Project\AI-Assisted Fingerprint Attendance System\tests","ENHANCED_GUI_GUIDE.txt",".txt","12485"
"C:\Users\EnforcerX\Downloads\Arduino-IDE - Project\AI-Assisted Fingerprint Attendance System\tests\ESP32 R307 Finger print Sensor.zip","C:\Users\EnforcerX\Downloads\Arduino-IDE - Project\AI-Assisted Fingerprint Attendance System\tests","ESP32 R307 Finger print Sensor.zip",".zip","3916"
"C:\Users\EnforcerX\Downloads\Arduino-IDE - Project\AI-Assisted Fingerprint Attendance System\tests\ESP32 R307 Finger print Sensor\ESP32_enroll_R307_finger_Print\ESP32_enroll_R307_finger_Print.ino","C:\Users\EnforcerX\Downloads\Arduino-IDE - Project\AI-Assisted Fingerprint Attendance System\tests\ESP32 R307 Finger print Sensor\ESP32_enroll_R307_finger_Print","ESP32_enroll_R307_finger_Print.ino",".ino","5846"
"C:\Users\EnforcerX\Downloads\Arduino-IDE - Project\AI-Assisted Fingerprint Attendance System\tests\ESP32 R307 Finger print Sensor\esp32_fingerprint_check_R307\esp32_fingerprint_check_R307.ino","C:\Users\EnforcerX\Downloads\Arduino-IDE - Project\AI-Assisted Fingerprint Attendance System\tests\ESP32 R307 Finger print Sensor\esp32_fingerprint_check_R307","esp32_fingerprint_check_R307.ino",".ino","4459"
"C:\Users\EnforcerX\Downloads\Arduino-IDE - Project\AI-Assisted Fingerprint Attendance System\tests\gui_qt_redesign.zip","C:\Users\EnforcerX\Downloads\Arduino-IDE - Project\AI-Assisted Fingerprint Attendance System\tests","gui_qt_redesign.zip",".zip","14146"
"C:\Users\EnforcerX\Downloads\Arduino-IDE - Project\AI-Assisted Fingerprint Attendance System\tests\HOW_TO_RUN_TEST_GUI.txt","C:\Users\EnforcerX\Downloads\Arduino-IDE - Project\AI-Assisted Fingerprint Attendance System\tests","HOW_TO_RUN_TEST_GUI.txt",".txt","4521"
"C:\Users\EnforcerX\Downloads\Arduino-IDE - Project\AI-Assisted Fingerprint Attendance System\tests\legacy\phase2_databasev1.py","C:\Users\EnforcerX\Downloads\Arduino-IDE - Project\AI-Assisted Fingerprint Attendance System\tests\legacy","phase2_databasev1.py",".py","9399"
"C:\Users\EnforcerX\Downloads\Arduino-IDE - Project\AI-Assisted Fingerprint Attendance System\tests\legacy\phase2_databasev2.py","C:\Users\EnforcerX\Downloads\Arduino-IDE - Project\AI-Assisted Fingerprint Attendance System\tests\legacy","phase2_databasev2.py",".py","7432"
"C:\Users\EnforcerX\Downloads\Arduino-IDE - Project\AI-Assisted Fingerprint Attendance System\tests\legacy\phase2_databasev3.py","C:\Users\EnforcerX\Downloads\Arduino-IDE - Project\AI-Assisted Fingerprint Attendance System\tests\legacy","phase2_databasev3.py",".py","13532"
"C:\Users\EnforcerX\Downloads\Arduino-IDE - Project\AI-Assisted Fingerprint Attendance System\tests\legacy\phase2_databasev4.py","C:\Users\EnforcerX\Downloads\Arduino-IDE - Project\AI-Assisted Fingerprint Attendance System\tests\legacy","phase2_databasev4.py",".py","12582"
"C:\Users\EnforcerX\Downloads\Arduino-IDE - Project\AI-Assisted Fingerprint Attendance System\tests\legacy\phase2_serial_test.py","C:\Users\EnforcerX\Downloads\Arduino-IDE - Project\AI-Assisted Fingerprint Attendance System\tests\legacy","phase2_serial_test.py",".py","3785"
"C:\Users\EnforcerX\Downloads\Arduino-IDE - Project\AI-Assisted Fingerprint Attendance System\tests\legacy\raw_serial_diagnostic\raw_serial_diagnostic.ino","C:\Users\EnforcerX\Downloads\Arduino-IDE - Project\AI-Assisted Fingerprint Attendance System\tests\legacy\raw_serial_diagnostic","raw_serial_diagnostic.ino",".ino","456"
"C:\Users\EnforcerX\Downloads\Arduino-IDE - Project\AI-Assisted Fingerprint Attendance System\tests\QUICK_REFERENCE.txt","C:\Users\EnforcerX\Downloads\Arduino-IDE - Project\AI-Assisted Fingerprint Attendance System\tests","QUICK_REFERENCE.txt",".txt","5177"
"C:\Users\EnforcerX\Downloads\Arduino-IDE - Project\AI-Assisted Fingerprint Attendance System\tests\README_TEST_GUI.txt","C:\Users\EnforcerX\Downloads\Arduino-IDE - Project\AI-Assisted Fingerprint Attendance System\tests","README_TEST_GUI.txt",".txt","10929"
"C:\Users\EnforcerX\Downloads\Arduino-IDE - Project\AI-Assisted Fingerprint Attendance System\tests\test_attendance_parsing.py","C:\Users\EnforcerX\Downloads\Arduino-IDE - Project\AI-Assisted Fingerprint Attendance System\tests","test_attendance_parsing.py",".py","1483"
"C:\Users\EnforcerX\Downloads\Arduino-IDE - Project\AI-Assisted Fingerprint Attendance System\tests\test_attendance_processor.py","C:\Users\EnforcerX\Downloads\Arduino-IDE - Project\AI-Assisted Fingerprint Attendance System\tests","test_attendance_processor.py",".py","3743"
"C:\Users\EnforcerX\Downloads\Arduino-IDE - Project\AI-Assisted Fingerprint Attendance System\tests\test_attendance_refresh.py","C:\Users\EnforcerX\Downloads\Arduino-IDE - Project\AI-Assisted Fingerprint Attendance System\tests","test_attendance_refresh.py",".py","593"
"C:\Users\EnforcerX\Downloads\Arduino-IDE - Project\AI-Assisted Fingerprint Attendance System\tests\test_attendance_ui_regressions.py","C:\Users\EnforcerX\Downloads\Arduino-IDE - Project\AI-Assisted Fingerprint Attendance System\tests","test_attendance_ui_regressions.py",".py","2152"
"C:\Users\EnforcerX\Downloads\Arduino-IDE - Project\AI-Assisted Fingerprint Attendance System\tests\test_attendance_ui_utils.py","C:\Users\EnforcerX\Downloads\Arduino-IDE - Project\AI-Assisted Fingerprint Attendance System\tests","test_attendance_ui_utils.py",".py","1091"
"C:\Users\EnforcerX\Downloads\Arduino-IDE - Project\AI-Assisted Fingerprint Attendance System\tests\test_auto_port_probe.py","C:\Users\EnforcerX\Downloads\Arduino-IDE - Project\AI-Assisted Fingerprint Attendance System\tests","test_auto_port_probe.py",".py","1637"
"C:\Users\EnforcerX\Downloads\Arduino-IDE - Project\AI-Assisted Fingerprint Attendance System\tests\test_bfeas_app2_import.py","C:\Users\EnforcerX\Downloads\Arduino-IDE - Project\AI-Assisted Fingerprint Attendance System\tests","test_bfeas_app2_import.py",".py","430"
"C:\Users\EnforcerX\Downloads\Arduino-IDE - Project\AI-Assisted Fingerprint Attendance System\tests\test_database_features.py","C:\Users\EnforcerX\Downloads\Arduino-IDE - Project\AI-Assisted Fingerprint Attendance System\tests","test_database_features.py",".py","665"
"C:\Users\EnforcerX\Downloads\Arduino-IDE - Project\AI-Assisted Fingerprint Attendance System\tests\test_database_reset.py","C:\Users\EnforcerX\Downloads\Arduino-IDE - Project\AI-Assisted Fingerprint Attendance System\tests","test_database_reset.py",".py","994"
"C:\Users\EnforcerX\Downloads\Arduino-IDE - Project\AI-Assisted Fingerprint Attendance System\tests\test_dialog_handlers.py","C:\Users\EnforcerX\Downloads\Arduino-IDE - Project\AI-Assisted Fingerprint Attendance System\tests","test_dialog_handlers.py",".py","848"
"C:\Users\EnforcerX\Downloads\Arduino-IDE - Project\AI-Assisted Fingerprint Attendance System\tests\test_firmware_helper.py","C:\Users\EnforcerX\Downloads\Arduino-IDE - Project\AI-Assisted Fingerprint Attendance System\tests","test_firmware_helper.py",".py","630"
"C:\Users\EnforcerX\Downloads\Arduino-IDE - Project\AI-Assisted Fingerprint Attendance System\tests\test_gui_demo.py","C:\Users\EnforcerX\Downloads\Arduino-IDE - Project\AI-Assisted Fingerprint Attendance System\tests","test_gui_demo.py",".py","12426"
"C:\Users\EnforcerX\Downloads\Arduino-IDE - Project\AI-Assisted Fingerprint Attendance System\tests\TEST_GUI_README.md","C:\Users\EnforcerX\Downloads\Arduino-IDE - Project\AI-Assisted Fingerprint Attendance System\tests","TEST_GUI_README.md",".md","5439"
"C:\Users\EnforcerX\Downloads\Arduino-IDE - Project\AI-Assisted Fingerprint Attendance System\tests\test_gui_settings_integration.py","C:\Users\EnforcerX\Downloads\Arduino-IDE - Project\AI-Assisted Fingerprint Attendance System\tests","test_gui_settings_integration.py",".py","7684"
"C:\Users\EnforcerX\Downloads\Arduino-IDE - Project\AI-Assisted Fingerprint Attendance System\tests\test_gui_shutdown.py","C:\Users\EnforcerX\Downloads\Arduino-IDE - Project\AI-Assisted Fingerprint Attendance System\tests","test_gui_shutdown.py",".py","1491"
"C:\Users\EnforcerX\Downloads\Arduino-IDE - Project\AI-Assisted Fingerprint Attendance System\tests\test_mode_exclusivity.py","C:\Users\EnforcerX\Downloads\Arduino-IDE - Project\AI-Assisted Fingerprint Attendance System\tests","test_mode_exclusivity.py",".py","3562"
"C:\Users\EnforcerX\Downloads\Arduino-IDE - Project\AI-Assisted Fingerprint Attendance System\tests\test_project_structure.py","C:\Users\EnforcerX\Downloads\Arduino-IDE - Project\AI-Assisted Fingerprint Attendance System\tests","test_project_structure.py",".py","783"
"C:\Users\EnforcerX\Downloads\Arduino-IDE - Project\AI-Assisted Fingerprint Attendance System\tests\test_qt_attendance_page.py","C:\Users\EnforcerX\Downloads\Arduino-IDE - Project\AI-Assisted Fingerprint Attendance System\tests","test_qt_attendance_page.py",".py","838"
"C:\Users\EnforcerX\Downloads\Arduino-IDE - Project\AI-Assisted Fingerprint Attendance System\tests\test_qt_settings_logs.py","C:\Users\EnforcerX\Downloads\Arduino-IDE - Project\AI-Assisted Fingerprint Attendance System\tests","test_qt_settings_logs.py",".py","984"
"C:\Users\EnforcerX\Downloads\Arduino-IDE - Project\AI-Assisted Fingerprint Attendance System\tests\test_qt_shell.py","C:\Users\EnforcerX\Downloads\Arduino-IDE - Project\AI-Assisted Fingerprint Attendance System\tests","test_qt_shell.py",".py","1693"
"C:\Users\EnforcerX\Downloads\Arduino-IDE - Project\AI-Assisted Fingerprint Attendance System\tests\test_qt_students_page.py","C:\Users\EnforcerX\Downloads\Arduino-IDE - Project\AI-Assisted Fingerprint Attendance System\tests","test_qt_students_page.py",".py","1264"
"C:\Users\EnforcerX\Downloads\Arduino-IDE - Project\AI-Assisted Fingerprint Attendance System\tests\test_qt_thread_exception_handling.py","C:\Users\EnforcerX\Downloads\Arduino-IDE - Project\AI-Assisted Fingerprint Attendance System\tests","test_qt_thread_exception_handling.py",".py","832"
"C:\Users\EnforcerX\Downloads\Arduino-IDE - Project\AI-Assisted Fingerprint Attendance System\tests\test_reports_page_import.py","C:\Users\EnforcerX\Downloads\Arduino-IDE - Project\AI-Assisted Fingerprint Attendance System\tests","test_reports_page_import.py",".py","810"
"C:\Users\EnforcerX\Downloads\Arduino-IDE - Project\AI-Assisted Fingerprint Attendance System\tests\test_responsive_layout.py","C:\Users\EnforcerX\Downloads\Arduino-IDE - Project\AI-Assisted Fingerprint Attendance System\tests","test_responsive_layout.py",".py","1059"
"C:\Users\EnforcerX\Downloads\Arduino-IDE - Project\AI-Assisted Fingerprint Attendance System\tests\test_serial_troubleshooting.py","C:\Users\EnforcerX\Downloads\Arduino-IDE - Project\AI-Assisted Fingerprint Attendance System\tests","test_serial_troubleshooting.py",".py","541"
"C:\Users\EnforcerX\Downloads\Arduino-IDE - Project\AI-Assisted Fingerprint Attendance System\tests\test_settings_persistence.py","C:\Users\EnforcerX\Downloads\Arduino-IDE - Project\AI-Assisted Fingerprint Attendance System\tests","test_settings_persistence.py",".py","1139"
"C:\Users\EnforcerX\Downloads\Arduino-IDE - Project\AI-Assisted Fingerprint Attendance System\tests\test_settings_toggles.py","C:\Users\EnforcerX\Downloads\Arduino-IDE - Project\AI-Assisted Fingerprint Attendance System\tests","test_settings_toggles.py",".py","6440"
"C:\Users\EnforcerX\Downloads\Arduino-IDE - Project\AI-Assisted Fingerprint Attendance System\tests\test_theme_switching.py","C:\Users\EnforcerX\Downloads\Arduino-IDE - Project\AI-Assisted Fingerprint Attendance System\tests","test_theme_switching.py",".py","1267"
"C:\Users\EnforcerX\Downloads\Arduino-IDE - Project\AI-Assisted Fingerprint Attendance System\tests\test_type_hints.py","C:\Users\EnforcerX\Downloads\Arduino-IDE - Project\AI-Assisted Fingerprint Attendance System\tests","test_type_hints.py",".py","971"
"C:\Users\EnforcerX\Downloads\Arduino-IDE - Project\AI-Assisted Fingerprint Attendance System\tests\test_vidpid_normalization.py","C:\Users\EnforcerX\Downloads\Arduino-IDE - Project\AI-Assisted Fingerprint Attendance System\tests","test_vidpid_normalization.py",".py","1162"
"C:\Users\EnforcerX\Downloads\Arduino-IDE - Project\AI-Assisted Fingerprint Attendance System\tests\VISUAL_GUIDE.txt","C:\Users\EnforcerX\Downloads\Arduino-IDE - Project\AI-Assisted Fingerprint Attendance System\tests","VISUAL_GUIDE.txt",".txt","12278"
"C:\Users\EnforcerX\Downloads\Arduino-IDE - Project\AI-Assisted Fingerprint Attendance System\tests\whs_dashboard.py","C:\Users\EnforcerX\Downloads\Arduino-IDE - Project\AI-Assisted Fingerprint Attendance System\tests","whs_dashboard.py",".py","22784"
"C:\Users\EnforcerX\Downloads\Arduino-IDE - Project\AI-Assisted Fingerprint Attendance System\tools\_database_refactor.py","C:\Users\EnforcerX\Downloads\Arduino-IDE - Project\AI-Assisted Fingerprint Attendance System\tools","_database_refactor.py",".py","25101"
"C:\Users\EnforcerX\Downloads\Arduino-IDE - Project\AI-Assisted Fingerprint Attendance System\tools\archive_unused_python.py","C:\Users\EnforcerX\Downloads\Arduino-IDE - Project\AI-Assisted Fingerprint Attendance System\tools","archive_unused_python.py",".py","1046"
"C:\Users\EnforcerX\Downloads\Arduino-IDE - Project\AI-Assisted Fingerprint Attendance System\tools\build_portable.bat","C:\Users\EnforcerX\Downloads\Arduino-IDE - Project\AI-Assisted Fingerprint Attendance System\tools","build_portable.bat",".bat","930"
"C:\Users\EnforcerX\Downloads\Arduino-IDE - Project\AI-Assisted Fingerprint Attendance System\tools\copilot_forensic_search.py","C:\Users\EnforcerX\Downloads\Arduino-IDE - Project\AI-Assisted Fingerprint Attendance System\tools","copilot_forensic_search.py",".py","1994"
"C:\Users\EnforcerX\Downloads\Arduino-IDE - Project\AI-Assisted Fingerprint Attendance System\tools\debug_db_connections.py","C:\Users\EnforcerX\Downloads\Arduino-IDE - Project\AI-Assisted Fingerprint Attendance System\tools","debug_db_connections.py",".py","1152"
"C:\Users\EnforcerX\Downloads\Arduino-IDE - Project\AI-Assisted Fingerprint Attendance System\tools\fingerprint_portable.spec","C:\Users\EnforcerX\Downloads\Arduino-IDE - Project\AI-Assisted Fingerprint Attendance System\tools","fingerprint_portable.spec",".spec","1367"
"C:\Users\EnforcerX\Downloads\Arduino-IDE - Project\AI-Assisted Fingerprint Attendance System\tools\list_files.bat","C:\Users\EnforcerX\Downloads\Arduino-IDE - Project\AI-Assisted Fingerprint Attendance System\tools","list_files.bat",".bat","49"
"C:\Users\EnforcerX\Downloads\Arduino-IDE - Project\AI-Assisted Fingerprint Attendance System\tools\portable_bootstrap.bat","C:\Users\EnforcerX\Downloads\Arduino-IDE - Project\AI-Assisted Fingerprint Attendance System\tools","portable_bootstrap.bat",".bat","550"
"C:\Users\EnforcerX\Downloads\Arduino-IDE - Project\AI-Assisted Fingerprint Attendance System\tools\serial_handler_connect_probe.py","C:\Users\EnforcerX\Downloads\Arduino-IDE - Project\AI-Assisted Fingerprint Attendance System\tools","serial_handler_connect_probe.py",".py","626"
"C:\Users\EnforcerX\Downloads\Arduino-IDE - Project\AI-Assisted Fingerprint Attendance System\tools\serial_pipeline_tester.py","C:\Users\EnforcerX\Downloads\Arduino-IDE - Project\AI-Assisted Fingerprint Attendance System\tools","serial_pipeline_tester.py",".py","6635"
"C:\Users\EnforcerX\Downloads\Arduino-IDE - Project\AI-Assisted Fingerprint Attendance System\tools\serial_worker_probe.py","C:\Users\EnforcerX\Downloads\Arduino-IDE - Project\AI-Assisted Fingerprint Attendance System\tools","serial_worker_probe.py",".py","2425"
"C:\Users\EnforcerX\Downloads\Arduino-IDE - Project\AI-Assisted Fingerprint Attendance System\tools\verify_gui_startup.py","C:\Users\EnforcerX\Downloads\Arduino-IDE - Project\AI-Assisted Fingerprint Attendance System\tools","verify_gui_startup.py",".py","435"
"C:\Users\EnforcerX\Downloads\Arduino-IDE - Project\AI-Assisted Fingerprint Attendance System\TROUBLESHOOTING.md","C:\Users\EnforcerX\Downloads\Arduino-IDE - Project\AI-Assisted Fingerprint Attendance System","TROUBLESHOOTING.md",".md","6789"
